slot,time_start,time_end,hour_start,hour_end,load_kw,pv_kw,net_load_kw,price_yuan_per_kwh,planned_purchase_kwh,adjusted_purchase_kwh,planned_purchase_kw,adjusted_purchase_kw,charge_kwh,discharge_kwh,charge_kw,discharge_kw,storage_net_output_kw,emergency_purchase_kwh,emergency_purchase_kw,curtailed_pv_kwh,curtailed_pv_kw,soc_start_kwh,soc_end_kwh,soc_min_kwh,soc_max_kwh,plan_cost_yuan,adjustment_cost_yuan,emergency_cost_yuan,total_cost_yuan,plan_source_cell,adjusted_source_cell
0,00:00,00:10,0.0,0.16666666666666666,3230.95,0.0,3230.95,0.4276,536.27085,536.27085,3217.6251,3217.6251,0.0,2.2208166666665647,0.0,13.324899999999388,13.324899999999388,0.0,0.0,0.0,0.0,2229.332312925927,2226.864738851853,1200.0,10800.0,229.30941546,0.0,0.0,229.30941546,计划购电量!EO141,调整购电量!EO141
1,00:10,00:20,0.16666666666666666,0.3333333333333333,3087.9838,0.0,3087.9838,0.4248,553.70502,553.70502,3322.23012,3322.23012,39.041053333333366,0.0,234.2463200000002,0.0,-234.2463200000002,0.0,0.0,0.0,0.0,2226.864738851853,2262.001686851853,1200.0,10800.0,235.213892496,0.0,0.0,235.213892496,计划购电量!B142,调整购电量!B142
2,00:20,00:30,0.3333333333333333,0.5,3200.0919,0.0,3200.0919,0.4245,959.4233,959.4233,5756.5398000000005,5756.5398000000005,426.07465000000013,0.0,2556.447900000001,0.0,-2556.447900000001,0.0,0.0,0.0,0.0,2262.001686851853,2645.468871851853,1200.0,10800.0,407.27519085,0.0,0.0,407.27519085,计划购电量!C142,调整购电量!C142
3,00:30,00:40,0.5,0.6666666666666666,3401.46,0.0,3401.46,0.4269,521.27118,521.27118,3127.6270799999998,3127.6270799999998,0.0,45.63882000000001,0.0,273.83292000000006,273.83292000000006,0.0,0.0,0.0,0.0,2645.468871851853,2594.7590718518527,1200.0,10800.0,222.530666742,0.0,0.0,222.530666742,计划购电量!D142,调整购电量!D142
4,00:40,00:50,0.6666666666666666,0.8333333333333333,3063.5261,0.0,3063.5261,0.4272,534.02225,534.02225,3204.1335,3204.1335,23.434566666666683,0.0,140.6074000000001,0.0,-140.6074000000001,0.0,0.0,0.0,0.0,2594.7590718518527,2615.8501818518525,1200.0,10800.0,228.1343052,0.0,0.0,228.1343052,计划购电量!E142,调整购电量!E142
5,00:50,01:00,0.8333333333333333,1.0,2820.2572,0.0,2820.2572,0.4271,538.57189,538.57189,3231.4313400000005,3231.4313400000005,68.52902333333338,0.0,411.1741400000003,0.0,-411.1741400000003,0.0,0.0,0.0,0.0,2615.8501818518525,2677.5263028518525,1200.0,10800.0,230.02405421900002,0.0,0.0,230.02405421900002,计划购电量!F142,调整购电量!F142
6,01:00,01:10,1.0,1.1666666666666665,2883.38,0.0,2883.38,0.4285,522.54228,522.54228,3135.2536800000003,3135.2536800000003,41.97894666666667,0.0,251.87368000000004,0.0,-251.87368000000004,0.0,0.0,0.0,0.0,2677.5263028518525,2715.3073548518523,1200.0,10800.0,223.90936698,0.0,0.0,223.90936698,计划购电量!G142,调整购电量!G142
7,01:10,01:20,1.1666666666666665,1.3333333333333333,2869.9796,0.0,2869.9796,0.4311,523.85951,523.85951,3143.15706,3143.15706,45.529576666666685,0.0,273.1774600000001,0.0,-273.1774600000001,0.0,0.0,0.0,0.0,2715.3073548518523,2756.2839738518524,1200.0,10800.0,225.835834761,0.0,0.0,225.835834761,计划购电量!H142,调整购电量!H142
8,01:20,01:30,1.3333333333333333,1.5,2985.8287,0.0,2985.8287,0.4302,529.35399,529.35399,3176.12394,3176.12394,31.71587333333332,0.0,190.29523999999992,0.0,-190.29523999999992,0.0,0.0,0.0,0.0,2756.2839738518524,2784.828259851852,1200.0,10800.0,227.72808649799998,0.0,0.0,227.72808649799998,计划购电量!I142,调整购电量!I142
9,01:30,01:40,1.5,1.6666666666666665,3164.18,0.0,3164.18,0.4279,502.35982,502.35982,3014.1589200000003,3014.1589200000003,0.0,25.003513333333217,0.0,150.0210799999993,150.0210799999993,0.0,0.0,0.0,0.0,2784.828259851852,2757.0465783703708,1200.0,10800.0,214.959766978,0.0,0.0,214.959766978,计划购电量!J142,调整购电量!J142
10,01:40,01:50,1.6666666666666665,1.8333333333333333,3064.8457,0.0,3064.8457,0.4312,505.85216,505.85216,3035.1129600000004,3035.1129600000004,0.0,4.955456666666578,0.0,29.732739999999467,29.732739999999467,0.0,0.0,0.0,0.0,2757.0465783703708,2751.540515407408,1200.0,10800.0,218.12345139200002,0.0,0.0,218.12345139200002,计划购电量!K142,调整购电量!K142
11,01:50,02:00,1.8333333333333333,2.0,2954.0459,0.0,2954.0459,0.4333,472.25648,472.25648,2833.53888,2833.53888,0.0,20.084503333333316,0.0,120.5070199999999,120.5070199999999,0.0,0.0,0.0,0.0,2751.540515407408,2729.224400592593,1200.0,10800.0,204.62873278400002,0.0,0.0,204.62873278400002,计划购电量!L142,调整购电量!L142
12,02:00,02:10,2.0,2.1666666666666665,2994.62,0.0,2994.62,0.4311,469.59379,469.59379,2817.5627400000003,2817.5627400000003,0.0,29.509543333333283,0.0,177.0572599999997,177.0572599999997,0.0,0.0,0.0,0.0,2729.224400592593,2696.436019111112,1200.0,10800.0,202.441882869,0.0,0.0,202.441882869,计划购电量!M142,调整购电量!M142
13,02:10,02:20,2.1666666666666665,2.333333333333333,3072.4014,0.0,3072.4014,0.4293,493.55684,493.55684,2961.3410400000002,2961.3410400000002,0.0,18.51006000000001,0.0,111.06036000000006,111.06036000000006,0.0,0.0,0.0,0.0,2696.436019111112,2675.8692857777783,1200.0,10800.0,211.88395141200002,0.0,0.0,211.88395141200002,计划购电量!N142,调整购电量!N142
14,02:20,02:30,2.333333333333333,2.5,3013.1015,0.0,3013.1015,0.4324,500.38417,500.38417,3002.3050200000002,3002.3050200000002,0.0,1.799413333333348,0.0,10.796480000000088,10.796480000000088,0.0,0.0,0.0,0.0,2675.8692857777783,2673.86993762963,1200.0,10800.0,216.366115108,0.0,0.0,216.366115108,计划购电量!O142,调整购电量!O142
15,02:30,02:40,2.5,2.6666666666666665,2838.75,0.0,2838.75,0.4367,469.71562,469.71562,2818.29372,2818.29372,0.0,3.4093799999999987,0.0,20.456279999999992,20.456279999999992,0.0,0.0,0.0,0.0,2673.86993762963,2670.08173762963,1200.0,10800.0,205.12481125399998,0.0,0.0,205.12481125399998,计划购电量!P142,调整购电量!P142
16,02:40,02:50,2.6666666666666665,2.833333333333333,2749.9199,0.0,2749.9199,0.4348,471.16773,471.16773,2827.0063800000003,2827.0063800000003,12.847746666666694,0.0,77.08648000000017,0.0,-77.08648000000017,0.0,0.0,0.0,0.0,2670.08173762963,2681.64470962963,1200.0,10800.0,204.86372900400002,0.0,0.0,204.86372900400002,计划购电量!Q142,调整购电量!Q142
17,02:50,03:00,2.833333333333333,3.0,2820.5847,0.0,2820.5847,0.4335,468.59647,468.59647,2811.57882,2811.57882,0.0,1.50097999999997,0.0,9.00587999999982,9.00587999999982,0.0,0.0,0.0,0.0,2681.64470962963,2679.9769540740745,1200.0,10800.0,203.136569745,0.0,0.0,203.136569745,计划购电量!R142,调整购电量!R142
18,03:00,03:10,3.0,3.1666666666666665,2936.24,0.0,2936.24,0.4357,463.50898,463.50898,2781.0538800000004,2781.0538800000004,0.0,25.86435333333327,0.0,155.18611999999962,155.18611999999962,0.0,0.0,0.0,0.0,2679.9769540740745,2651.238783703704,1200.0,10800.0,201.950862586,0.0,0.0,201.950862586,计划购电量!S142,调整购电量!S142
19,03:10,03:20,3.1666666666666665,3.333333333333333,2920.1894,0.0012,2920.1882,0.4374,462.05625,462.05625,2772.3375,2772.3375,0.0,24.641783333333365,0.0,147.8507000000002,147.8507000000002,0.0,0.0,0.0,0.0,2651.238783703704,2623.859024444445,1200.0,10800.0,202.10340374999998,0.0,0.0,202.10340374999998,计划购电量!T142,调整购电量!T142
20,03:20,03:30,3.333333333333333,3.5,2951.0328,0.0,2951.0328,0.4371,462.20878,462.20878,2773.25268,2773.25268,0.0,29.630020000000002,0.0,177.78012,177.78012,0.0,0.0,0.0,0.0,2623.859024444445,2590.9367800000005,1200.0,10800.0,202.031457738,0.0,0.0,202.031457738,计划购电量!U142,调整购电量!U142
21,03:30,03:40,3.5,3.6666666666666665,2977.51,0.0,2977.51,0.4356,460.13901,460.13901,2760.83406,2760.83406,0.0,36.11265666666668,0.0,216.67594000000008,216.67594000000008,0.0,0.0,0.0,0.0,2590.9367800000005,2550.8116059259264,1200.0,10800.0,200.436552756,0.0,0.0,200.436552756,计划购电量!V142,调整购电量!V142
22,03:40,03:50,3.6666666666666665,3.833333333333333,2780.298,0.0162,2780.2817999999997,0.4353,468.03832,468.03832,2808.22992,2808.22992,4.658020000000079,0.0,27.948120000000472,0.0,-27.948120000000472,0.0,0.0,0.0,0.0,2550.8116059259264,2555.0038239259266,1200.0,10800.0,203.73708069600002,0.0,0.0,203.73708069600002,计划购电量!W142,调整购电量!W142
23,03:50,04:00,3.833333333333333,4.0,2728.3059,0.0,2728.3059,0.436,480.00769,480.00769,2880.0461400000004,2880.0461400000004,25.29004000000009,0.0,151.74024000000054,0.0,-151.74024000000054,0.0,0.0,0.0,0.0,2555.0038239259266,2577.7648599259264,1200.0,10800.0,209.28335284000002,0.0,0.0,209.28335284000002,计划购电量!X142,调整购电量!X142
24,04:00,04:10,4.0,4.166666666666666,2862.19,0.0,2862.19,0.4378,458.08025,458.08025,2748.4815,2748.4815,0.0,18.95141666666666,0.0,113.70849999999996,113.70849999999996,0.0,0.0,0.0,0.0,2577.7648599259264,2556.7077302962966,1200.0,10800.0,200.54753345,0.0,0.0,200.54753345,计划购电量!Y142,调整购电量!Y142
25,04:10,04:20,4.166666666666666,4.333333333333333,2845.9182,0.2263,2845.6919000000003,0.4401,457.27163,457.27163,2743.62978,2743.62978,0.0,17.01035333333334,0.0,102.06212000000005,102.06212000000005,0.0,0.0,0.0,0.0,2556.7077302962966,2537.807337703704,1200.0,10800.0,201.245244363,0.0,0.0,201.245244363,计划购电量!Z142,调整购电量!Z142
26,04:20,04:30,4.333333333333333,4.5,2748.951,0.0,2748.951,0.4389,455.66584,455.66584,2733.9950400000002,2733.9950400000002,0.0,2.4926600000000008,0.0,14.955960000000005,14.955960000000005,0.0,0.0,0.0,0.0,2537.807337703704,2535.037715481482,1200.0,10800.0,199.99173717600002,0.0,0.0,199.99173717600002,计划购电量!AA142,调整购电量!AA142
27,04:30,04:40,4.5,4.666666666666666,2677.31,0.0,2677.31,0.4364,460.34331,460.34331,2762.05986,2762.05986,14.124976666666669,0.0,84.74986000000001,0.0,-84.74986000000001,0.0,0.0,0.0,0.0,2535.037715481482,2547.7501944814817,1200.0,10800.0,200.893820484,0.0,0.0,200.893820484,计划购电量!AB142,调整购电量!AB142
28,04:40,04:50,4.666666666666666,4.833333333333333,2660.8713,3.1516,2657.7196999999996,0.4393,460.88418,460.88418,2765.30508,2765.30508,17.93089666666674,0.0,107.58538000000044,0.0,-107.58538000000044,0.0,0.0,0.0,0.0,2547.7501944814817,2563.8880014814818,1200.0,10800.0,202.46642027400003,0.0,0.0,202.46642027400003,计划购电量!AC142,调整购电量!AC142
29,04:50,05:00,4.833333333333333,5.0,2702.3205,0.0,2702.3205,0.4422,463.65004,463.65004,2781.90024,2781.90024,13.26329000000004,0.0,79.57974000000024,0.0,-79.57974000000024,0.0,0.0,0.0,0.0,2563.8880014814818,2575.8249624814816,1200.0,10800.0,205.02604768799998,0.0,0.0,205.02604768799998,计划购电量!AD142,调整购电量!AD142
30,05:00,05:10,5.0,5.166666666666666,2732.32,7.275,2725.045,0.4395,459.70268,459.70268,2758.21608,2758.21608,5.528513333333308,0.0,33.17107999999985,0.0,-33.17107999999985,0.0,0.0,0.0,0.0,2575.8249624814816,2580.8006244814815,1200.0,10800.0,202.03932786,0.0,0.0,202.03932786,计划购电量!AE142,调整购电量!AE142
31,05:10,05:20,5.166666666666666,5.333333333333333,2664.7178,116.7655,2547.9523,0.4333,446.16786,446.16786,2677.00716,2677.00716,21.509143333333384,0.0,129.0548600000003,0.0,-129.0548600000003,0.0,0.0,0.0,0.0,2580.8006244814815,2600.1588534814814,1200.0,10800.0,193.324533738,0.0,0.0,193.324533738,计划购电量!AF142,调整购电量!AF142
32,05:20,05:30,5.333333333333333,5.5,2606.871,263.9703,2342.9007,0.4439,422.92908,422.92908,2537.57448,2537.57448,32.445629999999994,0.0,194.67377999999997,0.0,-194.67377999999997,0.0,0.0,0.0,0.0,2600.1588534814814,2629.3599204814814,1200.0,10800.0,187.738218612,0.0,0.0,187.738218612,计划购电量!AG142,调整购电量!AG142
33,05:30,05:40,5.5,5.666666666666666,2642.15,417.075,2225.0750000000003,0.4301,405.80487,405.80487,2434.82922,2434.82922,34.959036666666634,0.0,209.7542199999998,0.0,-209.7542199999998,0.0,0.0,0.0,0.0,2629.3599204814814,2660.823053481481,1200.0,10800.0,174.536674587,0.0,0.0,174.536674587,计划购电量!AH142,调整购电量!AH142
34,05:40,05:50,5.666666666666666,5.833333333333333,2745.0641,587.5961,2157.468,0.3713,1214.3074,1214.3074,7285.8444,7285.8444,833.3333333333333,0.0,5000.0,0.0,-5000.0,0.0,0.0,21.396066666666684,128.3764000000001,2660.823053481481,3410.823053481481,1200.0,10800.0,450.87233762,0.0,0.0,450.87233762,计划购电量!AI142,调整购电量!AI142
35,05:50,06:00,5.833333333333333,6.0,2758.042,735.8325,2022.2095,0.5708,0.0,0.0,0.0,0.0,0.0,337.0349166666666,0.0,2022.2094999999997,2022.2094999999997,0.0,0.0,0.0,0.0,3410.823053481481,3036.3398127407404,1200.0,10800.0,0.0,0.0,0.0,0.0,计划购电量!AJ142,调整购电量!AJ142
36,06:00,06:10,6.0,6.166666666666666,2741.64,890.7,1850.9399999999998,0.9099,0.0,0.0,0.0,0.0,0.0,308.48999999999995,0.0,1850.9399999999998,1850.9399999999998,0.0,0.0,0.0,0.0,3036.3398127407404,2693.573146074074,1200.0,10800.0,0.0,0.0,0.0,0.0,计划购电量!AK142,调整购电量!AK142
37,06:10,06:20,6.166666666666666,6.333333333333333,2888.7304,1136.9554,1751.7749999999999,0.9368,0.0,0.0,0.0,0.0,0.0,291.9625,0.0,1751.7749999999999,1751.7749999999999,0.0,0.0,0.0,0.0,2693.573146074074,2369.170368296296,1200.0,10800.0,0.0,0.0,0.0,0.0,计划购电量!AL142,调整购电量!AL142
38,06:20,06:30,6.333333333333333,6.5,2932.231,1453.4028,1478.8282000000002,0.8758,0.0,0.0,0.0,0.0,0.0,246.47136666666668,0.0,1478.8282000000002,1478.8282000000002,0.0,0.0,0.0,0.0,2369.170368296296,2095.313294222222,1200.0,10800.0,0.0,0.0,0.0,0.0,计划购电量!AM142,调整购电量!AM142
39,06:30,06:40,6.5,6.666666666666666,2764.02,1765.9125,998.1075000000001,0.8759,0.0,0.0,0.0,0.0,0.0,166.35125,0.0,998.1075,998.1075,0.0,0.0,0.0,0.0,2095.313294222222,1910.4785719999998,1200.0,10800.0,0.0,0.0,0.0,0.0,计划购电量!AN142,调整购电量!AN142
40,06:40,06:50,6.666666666666666,6.833333333333333,2606.6137,2022.3026,584.3110999999999,0.8601,0.0,0.0,0.0,0.0,0.0,97.38518333333332,0.0,584.3110999999999,584.3110999999999,0.0,0.0,0.0,0.0,1910.4785719999998,1802.2728127407406,1200.0,10800.0,0.0,0.0,0.0,0.0,计划购电量!AO142,调整购电量!AO142
41,06:50,07:00,6.833333333333333,7.0,2867.7649,2350.4923,517.2726000000002,0.8442,0.0,0.0,0.0,0.0,0.0,86.21210000000008,0.0,517.2726000000005,517.2726000000005,0.0,0.0,0.0,0.0,1802.2728127407406,1706.4815905185183,1200.0,10800.0,0.0,0.0,0.0,0.0,计划购电量!AP142,调整购电量!AP142
42,07:00,07:10,7.0,7.166666666666666,3304.27,2699.25,605.02,0.8334,0.0,0.0,0.0,0.0,0.0,100.83666666666659,0.0,605.0199999999995,605.0199999999995,0.0,0.0,0.0,0.0,1706.4815905185183,1594.4408497777777,1200.0,10800.0,0.0,0.0,0.0,0.0,计划购电量!AQ142,调整购电量!AQ142
43,07:10,07:20,7.166666666666666,7.333333333333333,3254.3169,2874.6231,379.6938,0.8092,0.0,0.0,0.0,0.0,0.0,63.282299999999964,0.0,379.6937999999998,379.6937999999998,0.0,0.0,0.0,0.0,1594.4408497777777,1524.127183111111,1200.0,10800.0,0.0,0.0,0.0,0.0,计划购电量!AR142,调整购电量!AR142
44,07:20,07:30,7.333333333333333,7.5,3137.5948,3006.0287,131.5661,0.7972,0.0,0.0,0.0,0.0,0.0,21.927683333333334,0.0,131.5661,131.5661,0.0,0.0,0.0,0.0,1524.127183111111,1499.7630905185183,1200.0,10800.0,0.0,0.0,0.0,0.0,计划购电量!AS142,调整购电量!AS142
45,07:30,07:40,7.5,7.666666666666666,3174.85,3224.8875,-50.03749999999991,0.7644,0.0,0.0,0.0,0.0,8.33958333333328,0.0,50.03749999999968,0.0,-50.03749999999968,0.0,0.0,0.0,0.0,1499.7630905185183,1507.2687155185183,1200.0,10800.0,0.0,0.0,0.0,0.0,计划购电量!AT142,调整购电量!AT142
46,07:40,07:50,7.666666666666666,7.833333333333333,3159.7263,3537.527,-377.80070000000023,0.6899,0.0,0.0,0.0,0.0,62.9667833333333,0.0,377.8006999999998,0.0,-377.8006999999998,0.0,0.0,0.0,0.0,1507.2687155185183,1563.9388205185182,1200.0,10800.0,0.0,0.0,0.0,0.0,计划购电量!AU142,调整购电量!AU142
47,07:50,08:00,7.833333333333333,8.0,3087.5763,3785.3986,-697.8222999999998,0.86,0.0,0.0,0.0,0.0,116.30371666666667,0.0,697.8223,0.0,-697.8223,0.0,0.0,0.0,0.0,1563.9388205185182,1668.6121655185182,1200.0,10800.0,0.0,0.0,0.0,0.0,计划购电量!AV142,调整购电量!AV142
48,08:00,08:10,8.0,8.166666666666666,3062.36,4003.425,-941.065,1.1617,0.0,0.0,0.0,0.0,156.84416666666664,0.0,941.0649999999998,0.0,-941.0649999999998,0.0,0.0,0.0,0.0,1668.6121655185182,1809.7719155185182,1200.0,10800.0,0.0,0.0,0.0,0.0,计划购电量!AW142,调整购电量!AW142
49,08:10,08:20,8.166666666666666,8.333333333333332,3162.0197,4334.7324,-1172.7127,1.1683,0.0,0.0,0.0,0.0,195.4521166666667,0.0,1172.7127000000003,0.0,-1172.7127000000003,0.0,0.0,0.0,0.0,1809.7719155185182,1985.6788205185183,1200.0,10800.0,0.0,0.0,0.0,0.0,计划购电量!AX142,调整购电量!AX142
50,08:20,08:30,8.333333333333332,8.5,3160.9922,4441.8035,-1280.8112999999998,1.0956,0.0,0.0,0.0,0.0,213.46854999999994,0.0,1280.8112999999996,0.0,-1280.8112999999996,0.0,0.0,0.0,0.0,1985.6788205185183,2177.8005155185183,1200.0,10800.0,0.0,0.0,0.0,0.0,计划购电量!AY142,调整购电量!AY142
51,08:30,08:40,8.5,8.666666666666666,3037.59,4358.7,-1321.1099999999997,1.0849,0.0,0.0,0.0,0.0,220.18499999999995,0.0,1321.1099999999997,0.0,-1321.1099999999997,0.0,0.0,0.0,0.0,2177.8005155185183,2375.967015518518,1200.0,10800.0,0.0,0.0,0.0,0.0,计划购电量!AZ142,调整购电量!AZ142
52,08:40,08:50,8.666666666666666,8.833333333333332,3030.9974,4479.895,-1448.8976000000002,1.061,0.0,0.0,0.0,0.0,241.48293333333334,0.0,1448.8976,0.0,-1448.8976,0.0,0.0,0.0,0.0,2375.967015518518,2593.301655518518,1200.0,10800.0,0.0,0.0,0.0,0.0,计划购电量!BA142,调整购电量!BA142
53,08:50,09:00,8.833333333333332,9.0,3289.939,4668.5166,-1378.5776,1.043,0.0,0.0,0.0,0.0,229.76293333333342,0.0,1378.5776000000005,0.0,-1378.5776000000005,0.0,0.0,0.0,0.0,2593.301655518518,2800.0882955185184,1200.0,10800.0,0.0,0.0,0.0,0.0,计划购电量!BB142,调整购电量!BB142
54,09:00,09:10,9.0,9.166666666666666,3650.62,4746.075,-1095.455,1.036,0.0,0.0,0.0,0.0,182.57583333333332,0.0,1095.455,0.0,-1095.455,0.0,0.0,0.0,0.0,2800.0882955185184,2964.406545518518,1200.0,10800.0,0.0,0.0,0.0,0.0,计划购电量!BC142,调整购电量!BC142
55,09:10,09:20,9.166666666666666,9.333333333333332,3785.9011,4746.9534,-961.0523000000003,1.0147,0.0,0.0,0.0,0.0,160.17538333333334,0.0,961.0523000000001,0.0,-961.0523000000001,0.0,0.0,0.0,0.0,2964.406545518518,3108.5643905185184,1200.0,10800.0,0.0,0.0,0.0,0.0,计划购电量!BD142,调整购电量!BD142
56,09:20,09:30,9.333333333333332,9.5,3849.6183,5139.4381,-1289.8198000000002,0.9922,0.0,0.0,0.0,0.0,214.96996666666678,0.0,1289.8198000000007,0.0,-1289.8198000000007,0.0,0.0,0.0,0.0,3108.5643905185184,3302.0373605185187,1200.0,10800.0,0.0,0.0,0.0,0.0,计划购电量!BE142,调整购电量!BE142
57,09:30,09:40,9.5,9.666666666666666,3824.6,5794.3125,-1969.7125,0.97,0.0,0.0,0.0,0.0,328.2854166666667,0.0,1969.7125000000003,0.0,-1969.7125000000003,0.0,0.0,0.0,0.0,3302.0373605185187,3597.4942355185185,1200.0,10800.0,0.0,0.0,0.0,0.0,计划购电量!BF142,调整购电量!BF142
58,09:40,09:50,9.666666666666666,9.833333333333332,3582.3586,6109.068,-2526.7094,0.9422,0.0,0.0,0.0,0.0,421.11823333333336,0.0,2526.7094,0.0,-2526.7094,0.0,0.0,0.0,0.0,3597.4942355185185,3976.5006455185185,1200.0,10800.0,0.0,0.0,0.0,0.0,计划购电量!BG142,调整购电量!BG142
59,09:50,10:00,9.833333333333332,10.0,3687.9447,6385.1018,-2697.1571000000004,0.9569,0.0,0.0,0.0,0.0,449.5261833333334,0.0,2697.1571000000004,0.0,-2697.1571000000004,0.0,0.0,0.0,0.0,3976.5006455185185,4381.074210518518,1200.0,10800.0,0.0,0.0,0.0,0.0,计划购电量!BH142,调整购电量!BH142
60,10:00,10:10,10.0,10.166666666666666,4000.14,6643.5375,-2643.3975000000005,0.9977,0.0,0.0,0.0,0.0,440.56624999999997,0.0,2643.3975,0.0,-2643.3975,0.0,0.0,0.0,0.0,4381.074210518518,4777.583835518518,1200.0,10800.0,0.0,0.0,0.0,0.0,计划购电量!BI142,调整购电量!BI142
61,10:10,10:20,10.166666666666666,10.333333333333332,3826.1041,6589.8893,-2763.7852,0.9919,0.0,0.0,0.0,0.0,460.63086666666663,0.0,2763.7852,0.0,-2763.7852,0.0,0.0,0.0,0.0,4777.583835518518,5192.151615518518,1200.0,10800.0,0.0,0.0,0.0,0.0,计划购电量!BJ142,调整购电量!BJ142
62,10:20,10:30,10.333333333333332,10.5,3761.4976,6695.6004,-2934.1028,0.9588,0.0,0.0,0.0,0.0,489.0171333333333,0.0,2934.1027999999997,0.0,-2934.1027999999997,0.0,0.0,0.0,0.0,5192.151615518518,5632.267035518518,1200.0,10800.0,0.0,0.0,0.0,0.0,计划购电量!BK142,调整购电量!BK142
63,10:30,10:40,10.5,10.666666666666666,3901.91,7000.9875,-3099.0775000000003,0.9549,0.0,0.0,0.0,0.0,516.5129166666667,0.0,3099.0775000000003,0.0,-3099.0775000000003,0.0,0.0,0.0,0.0,5632.267035518518,6097.128660518518,1200.0,10800.0,0.0,0.0,0.0,0.0,计划购电量!BL142,调整购电量!BL142
64,10:40,10:50,10.666666666666666,10.833333333333332,3726.7535,7093.8409,-3367.0874000000003,0.9839,0.0,0.0,0.0,0.0,561.1812333333335,0.0,3367.087400000001,0.0,-3367.087400000001,0.0,0.0,0.0,0.0,6097.128660518518,6602.191770518518,1200.0,10800.0,0.0,0.0,0.0,0.0,计划购电量!BM142,调整购电量!BM142
65,10:50,11:00,10.833333333333332,11.0,3565.5609,7243.1188,-3677.5579000000002,0.799,0.0,0.0,0.0,0.0,612.9263166666666,0.0,3677.5579,0.0,-3677.5579,0.0,0.0,0.0,0.0,6602.191770518518,7153.825455518518,1200.0,10800.0,0.0,0.0,0.0,0.0,计划购电量!BN142,调整购电量!BN142
66,11:00,11:10,11.0,11.166666666666666,3679.21,7400.1,-3720.8900000000003,0.5025,0.0,0.0,0.0,0.0,620.1483333333333,0.0,3720.89,0.0,-3720.89,0.0,0.0,0.0,0.0,7153.825455518518,7711.9589555185175,1200.0,10800.0,0.0,0.0,0.0,0.0,计划购电量!BO142,调整购电量!BO142
67,11:10,11:20,11.166666666666666,11.333333333333332,3945.6166,7306.5816,-3360.9650000000006,0.4662,0.0,0.0,0.0,0.0,560.1608333333334,0.0,3360.965,0.0,-3360.965,0.0,0.0,0.0,0.0,7711.9589555185175,8216.103705518517,1200.0,10800.0,0.0,0.0,0.0,0.0,计划购电量!BP142,调整购电量!BP142
68,11:20,11:30,11.333333333333332,11.5,3900.6403,7782.8954,-3882.2551000000003,0.5007,0.0,0.0,0.0,0.0,647.0425166666666,0.0,3882.2551,0.0,-3882.2551,0.0,0.0,0.0,0.0,8216.103705518517,8798.441970518517,1200.0,10800.0,0.0,0.0,0.0,0.0,计划购电量!BQ142,调整购电量!BQ142
69,11:30,11:40,11.5,11.666666666666666,3645.76,8490.225,-4844.465,0.4827,0.0,0.0,0.0,0.0,807.4108333333332,0.0,4844.465,0.0,-4844.465,0.0,0.0,0.0,0.0,8798.441970518517,9525.111720518516,1200.0,10800.0,0.0,0.0,0.0,0.0,计划购电量!BR142,调整购电量!BR142
70,11:40,11:50,11.666666666666666,11.833333333333332,3705.1427,8180.7164,-4475.573700000001,0.4785,0.0,0.0,0.0,0.0,745.92895,0.0,4475.5737,0.0,-4475.5737,0.0,0.0,0.0,0.0,9525.111720518516,10196.447775518516,1200.0,10800.0,0.0,0.0,0.0,0.0,计划购电量!BS142,调整购电量!BS142
71,11:50,12:00,11.833333333333332,12.0,3724.3133,7677.6706,-3953.3573000000006,0.4662,0.0,0.0,0.0,0.0,658.8928833333334,0.0,3953.3573000000006,0.0,-3953.3573000000006,0.0,0.0,0.0,0.0,10196.447775518516,10789.451370518516,1200.0,10800.0,0.0,0.0,0.0,0.0,计划购电量!BT142,调整购电量!BT142
72,12:00,12:10,12.0,12.166666666666666,3631.08,7665.1125,-4034.0325000000003,0.4432,0.0,0.0,0.0,0.0,11.720699423870732,0.0,70.3241965432244,0.0,-70.3241965432244,0.0,0.0,660.6180505761292,3963.7083034567754,10789.451370518516,10800.0,1200.0,10800.0,0.0,0.0,0.0,0.0,计划购电量!BU142,调整购电量!BU142
73,12:10,12:20,12.166666666666666,12.333333333333332,3735.5415,8044.2631,-4308.721600000001,0.4411,0.0,0.0,0.0,0.0,0.0,0.0,0.0,0.0,0.0,0.0,0.0,718.1202666666666,4308.7216,10800.0,10800.0,1200.0,10800.0,0.0,0.0,0.0,0.0,计划购电量!BV142,调整购电量!BV142
74,12:20,12:30,12.333333333333332,12.5,3852.2352,8300.9755,-4448.7403,0.4551,0.0,0.0,0.0,0.0,0.0,0.0,0.0,0.0,0.0,0.0,0.0,741.4567166666668,4448.740300000001,10800.0,10800.0,1200.0,10800.0,0.0,0.0,0.0,0.0,计划购电量!BW142,调整购电量!BW142
75,12:30,12:40,12.5,12.666666666666666,3928.56,8383.0125,-4454.452500000001,0.4463,0.0,0.0,0.0,0.0,0.0,0.0,0.0,0.0,0.0,0.0,0.0,742.40875,4454.4525,10800.0,10800.0,1200.0,10800.0,0.0,0.0,0.0,0.0,计划购电量!BX142,调整购电量!BX142
76,12:40,12:50,12.666666666666666,12.833333333333332,4059.9044,8605.7877,-4545.883300000001,0.4113,0.0,0.0,0.0,0.0,0.0,0.0,0.0,0.0,0.0,0.0,0.0,757.6472166666668,4545.883300000001,10800.0,10800.0,1200.0,10800.0,0.0,0.0,0.0,0.0,计划购电量!BY142,调整购电量!BY142
77,12:50,13:00,12.833333333333332,13.0,3912.5928,8542.7209,-4630.1281,0.5682,0.0,0.0,0.0,0.0,0.0,0.0,0.0,0.0,0.0,0.0,0.0,771.6880166666667,4630.128100000001,10800.0,10800.0,1200.0,10800.0,0.0,0.0,0.0,0.0,计划购电量!BZ142,调整购电量!BZ142
78,13:00,13:10,13.0,13.166666666666666,3688.01,8049.6,-4361.59,0.8279,0.0,0.0,0.0,0.0,0.0,0.0,0.0,0.0,0.0,0.0,0.0,726.9316666666666,4361.59,10800.0,10800.0,1200.0,10800.0,0.0,0.0,0.0,0.0,计划购电量!CA142,调整购电量!CA142
79,13:10,13:20,13.166666666666666,13.333333333333332,3910.4683,7493.4162,-3582.9478999999997,0.8636,0.0,0.0,0.0,0.0,0.0,0.0,0.0,0.0,0.0,0.0,0.0,597.1579833333333,3582.9478999999997,10800.0,10800.0,1200.0,10800.0,0.0,0.0,0.0,0.0,计划购电量!CB142,调整购电量!CB142
80,13:20,13:30,13.333333333333332,13.5,3862.6154,7354.9231,-3492.3077,0.8416,0.0,0.0,0.0,0.0,0.0,0.0,0.0,0.0,0.0,0.0,0.0,582.0512833333333,3492.3077000000003,10800.0,10800.0,1200.0,10800.0,0.0,0.0,0.0,0.0,计划购电量!CC142,调整购电量!CC142
81,13:30,13:40,13.5,13.666666666666666,3589.29,7340.8875,-3751.5975,0.8618,0.0,0.0,0.0,0.0,0.0,0.0,0.0,0.0,0.0,0.0,0.0,625.2662499999999,3751.5974999999994,10800.0,10800.0,1200.0,10800.0,0.0,0.0,0.0,0.0,计划购电量!CD142,调整购电量!CD142
82,13:40,13:50,13.666666666666666,13.833333333333332,3849.2221,6714.7449,-2865.5227999999997,0.8623,0.0,0.0,0.0,0.0,0.0,0.0,0.0,0.0,0.0,0.0,0.0,477.5871333333332,2865.5227999999993,10800.0,10800.0,1200.0,10800.0,0.0,0.0,0.0,0.0,计划购电量!CE142,调整购电量!CE142
83,13:50,14:00,13.833333333333332,14.0,3978.2382,6127.755,-2149.5168000000003,0.9026,0.0,0.0,0.0,0.0,0.0,0.0,0.0,0.0,0.0,0.0,0.0,358.2528000000001,2149.516800000001,10800.0,10800.0,1200.0,10800.0,0.0,0.0,0.0,0.0,计划购电量!CF142,调整购电量!CF142
84,14:00,14:10,14.0,14.166666666666666,3861.85,5956.2,-2094.35,0.9754,0.0,0.0,0.0,0.0,0.0,0.0,0.0,0.0,0.0,0.0,0.0,349.0583333333333,2094.35,10800.0,10800.0,1200.0,10800.0,0.0,0.0,0.0,0.0,计划购电量!CG142,调整购电量!CG142
85,14:10,14:20,14.166666666666666,14.333333333333332,4047.8905,5941.7978,-1893.9073000000003,1.0002,0.0,0.0,0.0,0.0,0.0,0.0,0.0,0.0,0.0,0.0,0.0,315.65121666666664,1893.9072999999999,10800.0,10800.0,1200.0,10800.0,0.0,0.0,0.0,0.0,计划购电量!CH142,调整购电量!CH142
86,14:20,14:30,14.333333333333332,14.5,4095.2281,5827.294,-1732.0659,0.9978,0.0,0.0,0.0,0.0,0.0,0.0,0.0,0.0,0.0,0.0,0.0,288.67764999999997,1732.0658999999998,10800.0,10800.0,1200.0,10800.0,0.0,0.0,0.0,0.0,计划购电量!CI142,调整购电量!CI142
87,14:30,14:40,14.5,14.666666666666666,4007.39,5738.1375,-1730.7475,1.0271,0.0,0.0,0.0,0.0,0.0,0.0,0.0,0.0,0.0,0.0,0.0,288.4579166666666,1730.7474999999997,10800.0,10800.0,1200.0,10800.0,0.0,0.0,0.0,0.0,计划购电量!CJ142,调整购电量!CJ142
88,14:40,14:50,14.666666666666666,14.833333333333332,4227.0513,5964.2607,-1737.2093999999997,1.0906,0.0,0.0,0.0,0.0,0.0,0.0,0.0,0.0,0.0,0.0,0.0,289.5348999999999,1737.2093999999993,10800.0,10800.0,1200.0,10800.0,0.0,0.0,0.0,0.0,计划购电量!CK142,调整购电量!CK142
89,14:50,15:00,14.833333333333332,15.0,4182.4486,5979.2451,-1796.7965000000004,0.9376,0.0,0.0,0.0,0.0,0.0,0.0,0.0,0.0,0.0,0.0,0.0,299.46608333333336,1796.7965000000002,10800.0,10800.0,1200.0,10800.0,0.0,0.0,0.0,0.0,计划购电量!CL142,调整购电量!CL142
90,15:00,15:10,15.0,15.166666666666666,3879.68,5680.4625,-1800.7824999999998,0.6694,0.0,0.0,0.0,0.0,0.0,0.0,0.0,0.0,0.0,0.0,0.0,300.13041666666663,1800.7824999999998,10800.0,10800.0,1200.0,10800.0,0.0,0.0,0.0,0.0,计划购电量!CM142,调整购电量!CM142
91,15:10,15:20,15.166666666666666,15.333333333333332,3916.2335,5457.1539,-1540.9204000000004,0.66,0.0,0.0,0.0,0.0,0.0,0.0,0.0,0.0,0.0,0.0,0.0,256.8200666666668,1540.9204000000007,10800.0,10800.0,1200.0,10800.0,0.0,0.0,0.0,0.0,计划购电量!CN142,调整购电量!CN142
92,15:20,15:30,15.333333333333332,15.5,3924.3398,5153.0688,-1228.7289999999998,0.7217,0.0,0.0,0.0,0.0,0.0,0.0,0.0,0.0,0.0,0.0,0.0,204.7881666666666,1228.7289999999996,10800.0,10800.0,1200.0,10800.0,0.0,0.0,0.0,0.0,计划购电量!CO142,调整购电量!CO142
93,15:30,15:40,15.5,15.666666666666666,3875.5,4811.1,-935.6000000000004,0.7308,0.0,0.0,0.0,0.0,0.0,0.0,0.0,0.0,0.0,0.0,0.0,155.9333333333334,935.6000000000004,10800.0,10800.0,1200.0,10800.0,0.0,0.0,0.0,0.0,计划购电量!CP142,调整购电量!CP142
94,15:40,15:50,15.666666666666666,15.833333333333332,4137.0155,4680.9532,-543.9376999999995,0.7534,0.0,0.0,0.0,0.0,0.0,0.0,0.0,0.0,0.0,0.0,0.0,90.65628333333325,543.9376999999995,10800.0,10800.0,1200.0,10800.0,0.0,0.0,0.0,0.0,计划购电量!CQ142,调整购电量!CQ142
95,15:50,16:00,15.833333333333332,16.0,4317.2602,4481.2341,-163.97389999999996,0.7823,25.492728,25.271853,152.956368,151.63111800000001,0.0,0.0,0.0,0.0,0.0,0.0,0.0,52.600836333333326,315.605018,10800.0,10800.0,1200.0,10800.0,19.9429611144,-0.0863952562499998,0.0,19.85656585815,计划购电量!CR142,调整购电量!CR142
96,16:00,16:10,16.0,16.166666666666664,4217.43,4055.4,162.0300000000002,0.8055,92.828595,55.528775,556.97157,333.17265000000003,0.0,0.0,0.0,0.0,0.0,0.0,0.0,28.523775000000008,171.14265000000006,10800.0,10800.0,1200.0,10800.0,74.7734332725,-15.022502505000002,0.0,59.750930767499995,计划购电量!CS142,调整购电量!CS142
97,16:10,16:20,16.166666666666664,16.333333333333332,4034.2858,3562.8565,471.42930000000024,0.8271,141.2402,111.57208,847.4412,669.43248,0.0,0.0,0.0,0.0,0.0,0.0,0.0,33.00053,198.00318,10800.0,10800.0,1200.0,10800.0,116.81976941999999,-12.269251025999994,0.0,104.550518394,计划购电量!CT142,调整购电量!CT142
98,16:20,16:30,16.333333333333332,16.5,3980.7146,3361.4888,619.2257999999997,0.8519,169.95815,147.31966,1019.7488999999999,883.91796,0.0,0.0,0.0,0.0,0.0,0.0,0.0,44.11536000000001,264.69216000000006,10800.0,10800.0,1200.0,10800.0,144.787347985,-9.642864815499996,0.0,135.1444831695,计划购电量!CU142,调整购电量!CU142
99,16:30,16:40,16.5,16.666666666666664,4042.02,3406.575,635.4450000000002,0.8791,186.9117,171.77377,1121.4702,1030.64262,0.0,0.0,0.0,0.0,0.0,0.0,0.0,65.86626999999999,395.1976199999999,10800.0,10800.0,1200.0,10800.0,164.31407547,-6.653877131499993,0.0,157.6601983385,计划购电量!CV142,调整购电量!CV142
100,16:40,16:50,16.666666666666664,16.833333333333332,3983.774,3291.2298,692.5441999999998,0.9024,237.70998,229.2174,1426.25988,1375.3044,0.0,0.0,0.0,0.0,0.0,0.0,0.0,113.79336666666666,682.7601999999999,10800.0,10800.0,1200.0,10800.0,214.509485952,-3.8318520960000018,0.0,210.677633856,计划购电量!CW142,调整购电量!CW142
101,16:50,17:00,16.833333333333332,17.0,3621.8931,2964.175,657.7180999999996,0.9163,262.14574,253.18395,1572.87444,1519.1037000000001,0.0,0.0,0.0,0.0,0.0,0.0,0.0,143.56426666666678,861.3856000000007,10800.0,10800.0,1200.0,10800.0,240.204141562,-4.105844088499991,0.0,236.0982974735,计划购电量!CX142,调整购电量!CX142
102,17:00,17:10,17.0,17.166666666666664,3240.3,2623.6125,616.6875,0.9264,209.95911,208.29008,1259.75466,1249.74048,0.0,0.0,0.0,0.0,0.0,0.0,0.0,105.50883000000005,633.0529800000003,10800.0,10800.0,1200.0,10800.0,194.506119504,-0.7730946960000096,0.0,193.73302480799998,计划购电量!CY142,调整购电量!CY142
103,17:10,17:20,17.166666666666664,17.333333333333332,3335.0072,2479.2426,855.7646,0.9462,230.02198,230.02198,1380.1318800000001,1380.1318800000001,0.0,0.0,0.0,0.0,0.0,0.0,0.0,87.39454666666668,524.3672800000002,10800.0,10800.0,1200.0,10800.0,217.64679747600002,0.0,0.0,217.64679747600002,计划购电量!CZ142,调整购电量!CZ142
104,17:20,17:30,17.333333333333332,17.5,3462.6248,2185.8548,1276.77,0.9742,263.57017,263.57017,1581.4210200000002,1581.4210200000002,0.0,0.0,0.0,0.0,0.0,0.0,0.0,50.77517000000006,304.65102000000036,10800.0,10800.0,1200.0,10800.0,256.770059614,0.0,0.0,256.770059614,计划购电量!DA142,调整购电量!DA142
105,17:30,17:40,17.5,17.666666666666664,3484.27,1750.4625,1733.8075,0.9862,335.96698,335.96698,2015.80188,2015.80188,0.0,0.0,0.0,0.0,0.0,0.0,0.0,46.99906333333337,281.9943800000002,10800.0,10800.0,1200.0,10800.0,331.330635676,0.0,0.0,331.330635676,计划购电量!DB142,调整购电量!DB142
106,17:40,17:50,17.666666666666664,17.833333333333332,3649.2081,1528.3871,2120.821,0.976,382.71844,382.71844,2296.31064,2296.31064,0.0,0.0,0.0,0.0,0.0,0.0,0.0,29.248273333333373,175.48964000000024,10800.0,10800.0,1200.0,10800.0,373.53319744,0.0,0.0,373.53319744,计划购电量!DC142,调整购电量!DC142
107,17:50,18:00,17.833333333333332,18.0,3604.3529,1310.4274,2293.9255,1.0742,403.48274,403.48274,2420.89644,2420.89644,0.0,0.0,0.0,0.0,0.0,0.0,0.0,21.16182333333336,126.97094000000016,10800.0,10800.0,1200.0,10800.0,433.421159308,0.0,0.0,433.421159308,计划购电量!DD142,调整购电量!DD142
108,18:00,18:10,18.0,18.166666666666664,3349.51,1034.1,2315.4100000000003,1.2313,429.56029,411.31742,2577.3617400000003,2467.9045200000005,0.0,0.0,0.0,0.0,0.0,0.0,0.0,25.415753333333328,152.49451999999997,10800.0,10800.0,1200.0,10800.0,528.917585077,-11.23122291549999,0.0,517.6863621615,计划购电量!DE142,调整购电量!DE142
109,18:10,18:20,18.166666666666664,18.333333333333332,3274.4828,860.3286,2414.1542,1.2561,0.0,0.0,0.0,0.0,0.0,402.3590333333333,0.0,2414.1542,2414.1542,0.0,0.0,0.0,0.0,10800.0,10352.934407407407,1200.0,10800.0,0.0,0.0,0.0,0.0,计划购电量!DF142,调整购电量!DF142
110,18:20,18:30,18.333333333333332,18.5,3297.0032,677.2547,2619.7485,1.2447,501.1703,501.1703,3007.0218,3007.0218,64.54554999999993,0.0,387.2732999999996,0.0,-387.2732999999996,0.0,0.0,0.0,0.0,10352.934407407407,10411.025402407407,1200.0,10800.0,623.8066724099999,0.0,0.0,623.8066724099999,计划购电量!DG142,调整购电量!DG142
111,18:30,18:40,18.5,18.666666666666664,3342.79,452.7,2890.09,1.2545,0.0,0.0,0.0,0.0,0.0,481.6816666666667,0.0,2890.09,2890.09,0.0,0.0,0.0,0.0,10411.025402407407,9875.823550555555,1200.0,10800.0,0.0,0.0,0.0,0.0,计划购电量!DH142,调整购电量!DH142
112,18:40,18:50,18.666666666666664,18.833333333333332,3456.8314,276.0564,3180.775,1.2522,99.804389,118.49627,598.8263340000001,710.97762,0.0,411.6328966666666,0.0,2469.79738,2469.79738,0.0,0.0,0.0,0.0,9875.823550555555,9418.453665370369,1200.0,10800.0,124.9750559058,35.10896008229999,0.0,160.0840159881,计划购电量!DI142,调整购电量!DI142
113,18:50,19:00,18.833333333333332,19.0,3634.5648,121.8367,3512.7281000000003,1.2881,0.0,0.0,0.0,0.0,0.0,585.4546833333334,0.0,3512.7281000000003,3512.7281000000003,0.0,0.0,0.0,0.0,9418.453665370369,8767.948461666665,1200.0,10800.0,0.0,0.0,0.0,0.0,计划购电量!DJ142,调整购电量!DJ142
114,19:00,19:10,19.0,19.166666666666664,3852.72,7.7625,3844.9575,1.3466,0.0,0.0,0.0,0.0,0.0,640.8262499999998,0.0,3844.957499999999,3844.957499999999,0.0,0.0,0.0,0.0,8767.948461666665,8055.919294999999,1200.0,10800.0,0.0,0.0,0.0,0.0,计划购电量!DK142,调整购电量!DK142
115,19:10,19:20,19.166666666666664,19.333333333333332,4004.9442,0.0,4004.9442,1.3523,0.0,0.0,0.0,0.0,0.0,667.4907,0.0,4004.9442,4004.9442,0.0,0.0,0.0,0.0,8055.919294999999,7314.262961666665,1200.0,10800.0,0.0,0.0,0.0,0.0,计划购电量!DL142,调整购电量!DL142
116,19:20,19:30,19.333333333333332,19.5,3706.7434,3.2619,3703.4815,1.3445,0.0,0.0,0.0,0.0,0.0,617.2469166666666,0.0,3703.4815,3703.4815,0.0,0.0,0.0,0.0,7314.262961666665,6628.433054259258,1200.0,10800.0,0.0,0.0,0.0,0.0,计划购电量!DM142,调整购电量!DM142
117,19:30,19:40,19.5,19.666666666666664,3293.48,0.0,3293.48,1.3483,0.0,0.0,0.0,0.0,0.0,548.9133333333333,0.0,3293.48,3293.48,0.0,0.0,0.0,0.0,6628.433054259258,6018.529350555555,1200.0,10800.0,0.0,0.0,0.0,0.0,计划购电量!DN142,调整购电量!DN142
118,19:40,19:50,19.666666666666664,19.833333333333332,3492.5254,0.0,3492.5254,1.349,0.0,0.0,0.0,0.0,0.0,582.0875666666666,0.0,3492.5253999999995,3492.5253999999995,0.0,0.0,0.0,0.0,6018.529350555555,5371.765387592592,1200.0,10800.0,0.0,0.0,0.0,0.0,计划购电量!DO142,调整购电量!DO142
119,19:50,20:00,19.833333333333332,20.0,3490.6667,0.2342,3490.4325000000003,1.3473,0.0,0.0,0.0,0.0,0.0,581.73875,0.0,3490.4325,3490.4325,0.0,0.0,0.0,0.0,5371.765387592592,4725.388998703703,1200.0,10800.0,0.0,0.0,0.0,0.0,计划购电量!DP142,调整购电量!DP142
120,20:00,20:10,20.0,20.166666666666664,3189.62,0.0,3189.62,1.3482,0.0,0.0,0.0,0.0,0.0,531.6033333333332,0.0,3189.6199999999994,3189.6199999999994,0.0,0.0,0.0,0.0,4725.388998703703,4134.718628333332,1200.0,10800.0,0.0,0.0,0.0,0.0,计划购电量!DQ142,调整购电量!DQ142
121,20:10,20:20,20.166666666666664,20.333333333333332,3348.2366,0.0,3348.2366,1.3513,0.0,0.0,0.0,0.0,0.0,558.0394333333334,0.0,3348.2366,3348.2366,0.0,0.0,0.0,0.0,4134.718628333332,3514.674813518517,1200.0,10800.0,0.0,0.0,0.0,0.0,计划购电量!DR142,调整购电量!DR142
122,20:20,20:30,20.333333333333332,20.5,3725.2052,0.0168,3725.1884,1.34,0.0,0.0,0.0,0.0,0.0,620.8647333333333,0.0,3725.1884,3725.1884,0.0,0.0,0.0,0.0,3514.674813518517,2824.8251098148135,1200.0,10800.0,0.0,0.0,0.0,0.0,计划购电量!DS142,调整购电量!DS142
123,20:30,20:40,20.5,20.666666666666664,3960.13,0.0,3960.13,1.3489,0.0,0.0,0.0,0.0,0.0,660.0216666666666,0.0,3960.13,3960.13,0.0,0.0,0.0,0.0,2824.8251098148135,2091.4677024074063,1200.0,10800.0,0.0,0.0,0.0,0.0,计划购电量!DT142,调整购电量!DT142
124,20:40,20:50,20.666666666666664,20.833333333333332,3881.8245,0.0,3881.8245,1.3952,0.0,0.0,0.0,0.0,0.0,646.97075,0.0,3881.8244999999997,3881.8244999999997,0.0,0.0,0.0,0.0,2091.4677024074063,1372.6113135185174,1200.0,10800.0,0.0,0.0,0.0,0.0,计划购电量!DU142,调整购电量!DU142
125,20:50,21:00,20.833333333333332,21.0,3513.6729,0.0012,3513.6717,1.2226,637.7333,635.39342,3826.3998,3812.36052,49.78147000000001,0.0,298.6888200000001,0.0,-298.6888200000001,0.0,0.0,0.0,0.0,1372.6113135185174,1417.4146365185175,1200.0,10800.0,779.6927325799999,-1.430368643999996,0.0,778.2623639359999,计划购电量!DV142,调整购电量!DV142
126,21:00,21:10,21.0,21.166666666666664,3160.32,0.0,3160.32,0.9332,639.21363,639.21363,3835.28178,3835.28178,112.49362999999994,0.0,674.9617799999996,0.0,-674.9617799999996,0.0,0.0,0.0,0.0,1417.4146365185175,1518.6589035185175,1200.0,10800.0,596.514159516,0.0,0.0,596.514159516,计划购电量!DW142,调整购电量!DW142
127,21:10,21:20,21.166666666666664,21.333333333333332,3214.7106,0.0,3214.7106,0.9068,623.90742,623.90742,3743.44452,3743.44452,88.12232000000006,0.0,528.7339200000004,0.0,-528.7339200000004,0.0,0.0,0.0,0.0,1518.6589035185175,1597.9689915185174,1200.0,10800.0,565.759248456,0.0,0.0,565.759248456,计划购电量!DX142,调整购电量!DX142
128,21:20,21:30,21.333333333333332,21.5,3489.1029,0.0,3489.1029,0.9371,593.24747,593.24747,3559.48482,3559.48482,11.73032000000012,0.0,70.38192000000072,0.0,-70.38192000000072,0.0,0.0,0.0,0.0,1597.9689915185174,1608.5262795185176,1200.0,10800.0,555.9322041370001,0.0,0.0,555.9322041370001,计划购电量!DY142,调整购电量!DY142
129,21:30,21:40,21.5,21.666666666666664,3713.49,0.0,3713.49,0.9371,602.89475,602.89475,3617.3685000000005,3617.3685000000005,0.0,16.02024999999992,0.0,96.12149999999951,96.12149999999951,0.0,0.0,0.0,0.0,1608.5262795185176,1590.72600174074,1200.0,10800.0,564.9726702250001,0.0,0.0,564.9726702250001,计划购电量!DZ142,调整购电量!DZ142
130,21:40,21:50,21.666666666666664,21.833333333333332,3715.4477,0.0,3715.4477,0.9871,627.47674,626.19013,3764.86044,3757.1407799999997,6.948846666666668,0.0,41.69308000000001,0.0,-41.69308000000001,0.0,0.0,0.0,0.0,1590.72600174074,1596.97996374074,1200.0,10800.0,619.3822900539999,-0.635006365499998,0.0,618.7472836884999,计划购电量!EA142,调整购电量!EA142
131,21:50,22:00,21.833333333333332,22.0,3460.6768,0.0,3460.6768,0.7764,592.03221,592.03221,3552.19326,3552.19326,15.252743333333342,0.0,91.51646000000005,0.0,-91.51646000000005,0.0,0.0,0.0,0.0,1596.97996374074,1610.70743274074,1200.0,10800.0,459.65380784399997,0.0,0.0,459.65380784399997,计划购电量!EB142,调整购电量!EB142
132,22:00,22:10,22.0,22.166666666666664,3169.68,0.0,3169.68,0.4209,1373.6143,1373.6143,8241.685800000001,8241.685800000001,833.3333333333333,0.0,5000.0,0.0,-5000.0,0.0,0.0,12.000966666666727,72.00580000000036,1610.70743274074,2360.70743274074,1200.0,10800.0,578.1542588699999,0.0,0.0,578.1542588699999,计划购电量!EC142,调整购电量!EC142
133,22:10,22:20,22.166666666666664,22.333333333333332,3161.2424,0.0,3161.2424,0.3859,1368.2638,1368.2638,8209.5828,8209.5828,833.3333333333333,0.0,5000.0,0.0,-5000.0,0.0,0.0,8.05673333333334,48.340400000000045,2360.70743274074,3110.70743274074,1200.0,10800.0,528.01300042,0.0,0.0,528.01300042,计划购电量!ED142,调整购电量!ED142
134,22:20,22:30,22.333333333333332,22.5,3268.4465,0.0,3268.4465,0.4368,542.26601,542.26601,3253.5960600000003,3253.5960600000003,0.0,2.4750733333332846,0.0,14.850439999999708,14.850439999999708,0.0,0.0,0.0,0.0,3110.70743274074,3107.9573512592583,1200.0,10800.0,236.86179316800005,0.0,0.0,236.86179316800005,计划购电量!EE142,调整购电量!EE142
135,22:30,22:40,22.5,22.666666666666664,3317.19,0.0,3317.19,0.4198,1377.2074,1377.2074,8263.244400000001,8263.244400000001,824.3424,0.0,4946.0544,0.0,-4946.0544,0.0,0.0,0.0,0.0,3107.9573512592583,3849.8655112592583,1200.0,10800.0,578.15166652,0.0,0.0,578.15166652,计划购电量!EF142,调整购电量!EF142
136,22:40,22:50,22.666666666666664,22.833333333333332,3281.0391,0.0,3281.0391,0.4186,1413.3397,1413.3397,8480.0382,8480.0382,833.3333333333333,0.0,5000.0,0.0,-5000.0,0.0,0.0,33.16651666666678,198.99910000000068,3849.8655112592583,4599.865511259259,1200.0,10800.0,591.62399842,0.0,0.0,591.62399842,计划购电量!EG142,调整购电量!EG142
137,22:50,23:00,22.833333333333332,23.0,3250.7574,0.0,3250.7574,0.4241,1407.3873,1407.3873,8444.323800000002,8444.323800000002,833.3333333333333,0.0,5000.0,0.0,-5000.0,0.0,0.0,32.26106666666692,193.56640000000152,4599.865511259259,5349.865511259259,1200.0,10800.0,596.87295393,0.0,0.0,596.87295393,计划购电量!EH142,调整购电量!EH142
138,23:00,23:10,23.0,23.166666666666664,3190.39,0.0,3190.39,0.4237,1395.2976,1395.2976,8371.785600000001,8371.785600000001,833.3333333333333,0.0,5000.0,0.0,-5000.0,0.0,0.0,30.232600000000275,181.39560000000165,5349.865511259259,6099.865511259259,1200.0,10800.0,591.1875931200001,0.0,0.0,591.1875931200001,计划购电量!EI142,调整购电量!EI142
139,23:10,23:20,23.166666666666664,23.333333333333332,2998.9363,0.0,2998.9363,0.4248,1202.1448,1202.1448,7212.8688,7212.8688,702.3220833333335,0.0,4213.932500000001,0.0,-4213.932500000001,0.0,0.0,0.0,0.0,6099.865511259259,6731.955386259258,1200.0,10800.0,510.67111104,0.0,0.0,510.67111104,计划购电量!EJ142,调整购电量!EJ142
140,23:20,23:30,23.333333333333332,23.5,2920.9743,0.0,2920.9743,0.424,1340.0448,1340.0448,8040.2688,8040.2688,833.3333333333333,0.0,5000.0,0.0,-5000.0,0.0,0.0,19.8824166666667,119.2945000000002,6731.955386259258,7481.955386259258,1200.0,10800.0,568.1789951999999,0.0,0.0,568.1789951999999,计划购电量!EK142,调整购电量!EK142
141,23:30,23:40,23.5,23.666666666666664,2989.3,0.0,2989.3,0.422,1372.7591,1372.7591,8236.554600000001,8236.554600000001,833.3333333333333,0.0,5000.0,0.0,-5000.0,0.0,0.0,41.209100000000035,247.2546000000002,7481.955386259258,8231.955386259258,1200.0,10800.0,579.3043402,0.0,0.0,579.3043402,计划购电量!EL142,调整购电量!EL142
142,23:40,23:50,23.666666666666664,23.833333333333332,3024.571,0.0,3024.571,0.424,1376.6196,1376.6196,8259.7176,8259.7176,833.3333333333333,0.0,5000.0,0.0,-5000.0,0.0,0.0,39.19110000000012,235.14660000000072,8231.955386259258,8981.955386259258,1200.0,10800.0,583.6867103999999,0.0,0.0,583.6867103999999,计划购电量!EM142,调整购电量!EM142
143,23:50,24:00,23.833333333333332,24.0,3193.3141,0.0,3193.3141,0.4271,569.80165,569.80165,3418.8099,3418.8099,37.58263333333332,0.0,225.49579999999992,0.0,-225.49579999999992,0.0,0.0,0.0,0.0,8981.955386259258,9015.779756259259,1200.0,10800.0,243.362284715,0.0,0.0,243.362284715,计划购电量!EN142,调整购电量!EN142
