time,hour,soc_kwh,soc_min_kwh,soc_max_kwh
00:00,0.0,2229.332312925927,1200.0,10800.0
00:10,0.16666666666666666,2226.864738851853,1200.0,10800.0
00:20,0.3333333333333333,2262.001686851853,1200.0,10800.0
00:30,0.5,2645.468871851853,1200.0,10800.0
00:40,0.6666666666666666,2594.7590718518527,1200.0,10800.0
00:50,0.8333333333333333,2615.8501818518525,1200.0,10800.0
01:00,1.0,2677.5263028518525,1200.0,10800.0
01:10,1.1666666666666665,2715.3073548518523,1200.0,10800.0
01:20,1.3333333333333333,2756.2839738518524,1200.0,10800.0
01:30,1.5,2784.828259851852,1200.0,10800.0
01:40,1.6666666666666665,2757.0465783703708,1200.0,10800.0
01:50,1.8333333333333333,2751.540515407408,1200.0,10800.0
02:00,2.0,2729.224400592593,1200.0,10800.0
02:10,2.1666666666666665,2696.436019111112,1200.0,10800.0
02:20,2.333333333333333,2675.8692857777783,1200.0,10800.0
02:30,2.5,2673.86993762963,1200.0,10800.0
02:40,2.6666666666666665,2670.08173762963,1200.0,10800.0
02:50,2.833333333333333,2681.64470962963,1200.0,10800.0
03:00,3.0,2679.9769540740745,1200.0,10800.0
03:10,3.1666666666666665,2651.238783703704,1200.0,10800.0
03:20,3.333333333333333,2623.859024444445,1200.0,10800.0
03:30,3.5,2590.9367800000005,1200.0,10800.0
03:40,3.6666666666666665,2550.8116059259264,1200.0,10800.0
03:50,3.833333333333333,2555.0038239259266,1200.0,10800.0
04:00,4.0,2577.7648599259264,1200.0,10800.0
04:10,4.166666666666666,2556.7077302962966,1200.0,10800.0
04:20,4.333333333333333,2537.807337703704,1200.0,10800.0
04:30,4.5,2535.037715481482,1200.0,10800.0
04:40,4.666666666666666,2547.7501944814817,1200.0,10800.0
04:50,4.833333333333333,2563.8880014814818,1200.0,10800.0
05:00,5.0,2575.8249624814816,1200.0,10800.0
05:10,5.166666666666666,2580.8006244814815,1200.0,10800.0
05:20,5.333333333333333,2600.1588534814814,1200.0,10800.0
05:30,5.5,2629.3599204814814,1200.0,10800.0
05:40,5.666666666666666,2660.823053481481,1200.0,10800.0
05:50,5.833333333333333,3410.823053481481,1200.0,10800.0
06:00,6.0,3036.3398127407404,1200.0,10800.0
06:10,6.166666666666666,2693.573146074074,1200.0,10800.0
06:20,6.333333333333333,2369.170368296296,1200.0,10800.0
06:30,6.5,2095.313294222222,1200.0,10800.0
06:40,6.666666666666666,1910.4785719999998,1200.0,10800.0
06:50,6.833333333333333,1802.2728127407406,1200.0,10800.0
07:00,7.0,1706.4815905185183,1200.0,10800.0
07:10,7.166666666666666,1594.4408497777777,1200.0,10800.0
07:20,7.333333333333333,1524.127183111111,1200.0,10800.0
07:30,7.5,1499.7630905185183,1200.0,10800.0
07:40,7.666666666666666,1507.2687155185183,1200.0,10800.0
07:50,7.833333333333333,1563.9388205185182,1200.0,10800.0
08:00,8.0,1668.6121655185182,1200.0,10800.0
08:10,8.166666666666666,1809.7719155185182,1200.0,10800.0
08:20,8.333333333333332,1985.6788205185183,1200.0,10800.0
08:30,8.5,2177.8005155185183,1200.0,10800.0
08:40,8.666666666666666,2375.967015518518,1200.0,10800.0
08:50,8.833333333333332,2593.301655518518,1200.0,10800.0
09:00,9.0,2800.0882955185184,1200.0,10800.0
09:10,9.166666666666666,2964.406545518518,1200.0,10800.0
09:20,9.333333333333332,3108.5643905185184,1200.0,10800.0
09:30,9.5,3302.0373605185187,1200.0,10800.0
09:40,9.666666666666666,3597.4942355185185,1200.0,10800.0
09:50,9.833333333333332,3976.5006455185185,1200.0,10800.0
10:00,10.0,4381.074210518518,1200.0,10800.0
10:10,10.166666666666666,4777.583835518518,1200.0,10800.0
10:20,10.333333333333332,5192.151615518518,1200.0,10800.0
10:30,10.5,5632.267035518518,1200.0,10800.0
10:40,10.666666666666666,6097.128660518518,1200.0,10800.0
10:50,10.833333333333332,6602.191770518518,1200.0,10800.0
11:00,11.0,7153.825455518518,1200.0,10800.0
11:10,11.166666666666666,7711.9589555185175,1200.0,10800.0
11:20,11.333333333333332,8216.103705518517,1200.0,10800.0
11:30,11.5,8798.441970518517,1200.0,10800.0
11:40,11.666666666666666,9525.111720518516,1200.0,10800.0
11:50,11.833333333333332,10196.447775518516,1200.0,10800.0
12:00,12.0,10789.451370518516,1200.0,10800.0
12:10,12.166666666666666,10800.0,1200.0,10800.0
12:20,12.333333333333332,10800.0,1200.0,10800.0
12:30,12.5,10800.0,1200.0,10800.0
12:40,12.666666666666666,10800.0,1200.0,10800.0
12:50,12.833333333333332,10800.0,1200.0,10800.0
13:00,13.0,10800.0,1200.0,10800.0
13:10,13.166666666666666,10800.0,1200.0,10800.0
13:20,13.333333333333332,10800.0,1200.0,10800.0
13:30,13.5,10800.0,1200.0,10800.0
13:40,13.666666666666666,10800.0,1200.0,10800.0
13:50,13.833333333333332,10800.0,1200.0,10800.0
14:00,14.0,10800.0,1200.0,10800.0
14:10,14.166666666666666,10800.0,1200.0,10800.0
14:20,14.333333333333332,10800.0,1200.0,10800.0
14:30,14.5,10800.0,1200.0,10800.0
14:40,14.666666666666666,10800.0,1200.0,10800.0
14:50,14.833333333333332,10800.0,1200.0,10800.0
15:00,15.0,10800.0,1200.0,10800.0
15:10,15.166666666666666,10800.0,1200.0,10800.0
15:20,15.333333333333332,10800.0,1200.0,10800.0
15:30,15.5,10800.0,1200.0,10800.0
15:40,15.666666666666666,10800.0,1200.0,10800.0
15:50,15.833333333333332,10800.0,1200.0,10800.0
16:00,16.0,10800.0,1200.0,10800.0
16:10,16.166666666666664,10800.0,1200.0,10800.0
16:20,16.333333333333332,10800.0,1200.0,10800.0
16:30,16.5,10800.0,1200.0,10800.0
16:40,16.666666666666664,10800.0,1200.0,10800.0
16:50,16.833333333333332,10800.0,1200.0,10800.0
17:00,17.0,10800.0,1200.0,10800.0
17:10,17.166666666666664,10800.0,1200.0,10800.0
17:20,17.333333333333332,10800.0,1200.0,10800.0
17:30,17.5,10800.0,1200.0,10800.0
17:40,17.666666666666664,10800.0,1200.0,10800.0
17:50,17.833333333333332,10800.0,1200.0,10800.0
18:00,18.0,10800.0,1200.0,10800.0
18:10,18.166666666666664,10800.0,1200.0,10800.0
18:20,18.333333333333332,10352.934407407407,1200.0,10800.0
18:30,18.5,10411.025402407407,1200.0,10800.0
18:40,18.666666666666664,9875.823550555555,1200.0,10800.0
18:50,18.833333333333332,9418.453665370369,1200.0,10800.0
19:00,19.0,8767.948461666665,1200.0,10800.0
19:10,19.166666666666664,8055.919294999999,1200.0,10800.0
19:20,19.333333333333332,7314.262961666665,1200.0,10800.0
19:30,19.5,6628.433054259258,1200.0,10800.0
19:40,19.666666666666664,6018.529350555555,1200.0,10800.0
19:50,19.833333333333332,5371.765387592592,1200.0,10800.0
20:00,20.0,4725.388998703703,1200.0,10800.0
20:10,20.166666666666664,4134.718628333332,1200.0,10800.0
20:20,20.333333333333332,3514.674813518517,1200.0,10800.0
20:30,20.5,2824.8251098148135,1200.0,10800.0
20:40,20.666666666666664,2091.4677024074063,1200.0,10800.0
20:50,20.833333333333332,1372.6113135185174,1200.0,10800.0
21:00,21.0,1417.4146365185175,1200.0,10800.0
21:10,21.166666666666664,1518.6589035185175,1200.0,10800.0
21:20,21.333333333333332,1597.9689915185174,1200.0,10800.0
21:30,21.5,1608.5262795185176,1200.0,10800.0
21:40,21.666666666666664,1590.72600174074,1200.0,10800.0
21:50,21.833333333333332,1596.97996374074,1200.0,10800.0
22:00,22.0,1610.70743274074,1200.0,10800.0
22:10,22.166666666666664,2360.70743274074,1200.0,10800.0
22:20,22.333333333333332,3110.70743274074,1200.0,10800.0
22:30,22.5,3107.9573512592583,1200.0,10800.0
22:40,22.666666666666664,3849.8655112592583,1200.0,10800.0
22:50,22.833333333333332,4599.865511259259,1200.0,10800.0
23:00,23.0,5349.865511259259,1200.0,10800.0
23:10,23.166666666666664,6099.865511259259,1200.0,10800.0
23:20,23.333333333333332,6731.955386259258,1200.0,10800.0
23:30,23.5,7481.955386259258,1200.0,10800.0
23:40,23.666666666666664,8231.955386259258,1200.0,10800.0
23:50,23.833333333333332,8981.955386259258,1200.0,10800.0
24:00,24.0,9015.779756259259,1200.0,10800.0
