purchase_error_kwh,locked_loss_divided_by_pi_kwh,open_loss_divided_by_pi_kwh
-1.2,4.8,0.6
-1.19,4.76,0.595
-1.18,4.72,0.59
-1.17,4.68,0.585
-1.16,4.64,0.58
-1.15,4.6,0.575
-1.14,4.56,0.57
-1.13,4.52,0.565
-1.1199999999999999,4.4799999999999995,0.5599999999999999
-1.1099999999999999,4.4399999999999995,0.5549999999999999
-1.0999999999999999,4.3999999999999995,0.5499999999999999
-1.0899999999999999,4.359999999999999,0.5449999999999999
-1.08,4.32,0.54
-1.0699999999999998,4.279999999999999,0.5349999999999999
-1.06,4.24,0.53
-1.05,4.2,0.525
-1.04,4.16,0.52
-1.03,4.12,0.515
-1.02,4.08,0.51
-1.01,4.04,0.505
-1.0,4.0,0.5
-0.99,3.96,0.495
-0.98,3.92,0.49
-0.97,3.88,0.485
-0.96,3.84,0.48
-0.95,3.8,0.475
-0.94,3.76,0.47
-0.9299999999999999,3.7199999999999998,0.46499999999999997
-0.9199999999999999,3.6799999999999997,0.45999999999999996
-0.9099999999999999,3.6399999999999997,0.45499999999999996
-0.8999999999999999,3.5999999999999996,0.44999999999999996
-0.8899999999999999,3.5599999999999996,0.44499999999999995
-0.8799999999999999,3.5199999999999996,0.43999999999999995
-0.8699999999999999,3.4799999999999995,0.43499999999999994
-0.8599999999999999,3.4399999999999995,0.42999999999999994
-0.8499999999999999,3.3999999999999995,0.42499999999999993
-0.84,3.36,0.42
-0.83,3.32,0.415
-0.82,3.28,0.41
-0.8099999999999999,3.2399999999999998,0.40499999999999997
-0.7999999999999999,3.1999999999999997,0.39999999999999997
-0.7899999999999999,3.1599999999999997,0.39499999999999996
-0.78,3.12,0.39
-0.77,3.08,0.385
-0.76,3.04,0.38
-0.75,3.0,0.375
-0.74,2.96,0.37
-0.73,2.92,0.365
-0.72,2.88,0.36
-0.71,2.84,0.355
-0.7,2.8,0.35
-0.69,2.76,0.345
-0.6799999999999999,2.7199999999999998,0.33999999999999997
-0.6699999999999999,2.6799999999999997,0.33499999999999996
-0.6599999999999999,2.6399999999999997,0.32999999999999996
-0.6499999999999999,2.5999999999999996,0.32499999999999996
-0.6399999999999999,2.5599999999999996,0.31999999999999995
-0.6299999999999999,2.5199999999999996,0.31499999999999995
-0.62,2.48,0.31
-0.61,2.44,0.305
-0.6,2.4,0.3
-0.59,2.36,0.295
-0.58,2.32,0.29
-0.57,2.28,0.285
-0.5599999999999999,2.2399999999999998,0.27999999999999997
-0.5499999999999999,2.1999999999999997,0.27499999999999997
-0.5399999999999999,2.1599999999999997,0.26999999999999996
-0.5299999999999999,2.1199999999999997,0.26499999999999996
-0.5199999999999999,2.0799999999999996,0.25999999999999995
-0.5099999999999999,2.0399999999999996,0.25499999999999995
-0.4999999999999999,1.9999999999999996,0.24999999999999994
-0.49,1.96,0.245
-0.48,1.92,0.24
-0.47,1.88,0.235
-0.45999999999999996,1.8399999999999999,0.22999999999999998
-0.44999999999999996,1.7999999999999998,0.22499999999999998
-0.43999999999999995,1.7599999999999998,0.21999999999999997
-0.42999999999999994,1.7199999999999998,0.21499999999999997
-0.41999999999999993,1.6799999999999997,0.20999999999999996
-0.4099999999999999,1.6399999999999997,0.20499999999999996
-0.3999999999999999,1.5999999999999996,0.19999999999999996
-0.3899999999999999,1.5599999999999996,0.19499999999999995
-0.3799999999999999,1.5199999999999996,0.18999999999999995
-0.3699999999999999,1.4799999999999995,0.18499999999999994
-0.36,1.44,0.18
-0.35,1.4,0.175
-0.33999999999999997,1.3599999999999999,0.16999999999999998
-0.32999999999999996,1.3199999999999998,0.16499999999999998
-0.31999999999999995,1.2799999999999998,0.15999999999999998
-0.30999999999999994,1.2399999999999998,0.15499999999999997
-0.29999999999999993,1.1999999999999997,0.14999999999999997
-0.2899999999999999,1.1599999999999997,0.14499999999999996
-0.2799999999999999,1.1199999999999997,0.13999999999999996
-0.2699999999999999,1.0799999999999996,0.13499999999999995
-0.2599999999999999,1.0399999999999996,0.12999999999999995
-0.2499999999999999,0.9999999999999996,0.12499999999999994
-0.24,0.96,0.12
-0.22999999999999998,0.9199999999999999,0.11499999999999999
-0.21999999999999997,0.8799999999999999,0.10999999999999999
-0.20999999999999996,0.8399999999999999,0.10499999999999998
-0.19999999999999996,0.7999999999999998,0.09999999999999998
-0.18999999999999995,0.7599999999999998,0.09499999999999997
-0.17999999999999994,0.7199999999999998,0.08999999999999997
-0.16999999999999993,0.6799999999999997,0.08499999999999996
-0.15999999999999992,0.6399999999999997,0.07999999999999996
-0.1499999999999999,0.5999999999999996,0.07499999999999996
-0.1399999999999999,0.5599999999999996,0.06999999999999995
-0.1299999999999999,0.5199999999999996,0.06499999999999995
-0.11999999999999988,0.47999999999999954,0.05999999999999994
-0.10999999999999988,0.4399999999999995,0.05499999999999994
-0.09999999999999987,0.39999999999999947,0.04999999999999993
-0.08999999999999986,0.35999999999999943,0.04499999999999993
-0.07999999999999985,0.3199999999999994,0.039999999999999925
-0.06999999999999984,0.27999999999999936,0.03499999999999992
-0.05999999999999983,0.23999999999999932,0.029999999999999916
-0.04999999999999982,0.1999999999999993,0.02499999999999991
-0.040000000000000036,0.16000000000000014,0.020000000000000018
-0.030000000000000027,0.1200000000000001,0.015000000000000013
-0.020000000000000018,0.08000000000000007,0.010000000000000009
-0.010000000000000009,0.040000000000000036,0.0050000000000000044
0.0,0.0,0.0
0.010000000000000009,0.010000000000000009,0.0050000000000000044
0.020000000000000018,0.020000000000000018,0.010000000000000009
0.030000000000000027,0.030000000000000027,0.015000000000000013
0.040000000000000036,0.040000000000000036,0.020000000000000018
0.050000000000000044,0.050000000000000044,0.025000000000000022
0.06000000000000005,0.06000000000000005,0.030000000000000027
0.07000000000000006,0.07000000000000006,0.03500000000000003
0.08000000000000007,0.08000000000000007,0.040000000000000036
0.09000000000000008,0.09000000000000008,0.04500000000000004
0.10000000000000009,0.10000000000000009,0.050000000000000044
0.1100000000000001,0.1100000000000001,0.05500000000000005
0.1200000000000001,0.1200000000000001,0.06000000000000005
0.13000000000000012,0.13000000000000012,0.06500000000000006
0.14000000000000012,0.14000000000000012,0.07000000000000006
0.15000000000000013,0.15000000000000013,0.07500000000000007
0.16000000000000014,0.16000000000000014,0.08000000000000007
0.17000000000000015,0.17000000000000015,0.08500000000000008
0.18000000000000016,0.18000000000000016,0.09000000000000008
0.19000000000000017,0.19000000000000017,0.09500000000000008
0.20000000000000018,0.20000000000000018,0.10000000000000009
0.20999999999999996,0.20999999999999996,0.10499999999999998
0.21999999999999997,0.21999999999999997,0.10999999999999999
0.22999999999999998,0.22999999999999998,0.11499999999999999
0.24,0.24,0.12
0.25,0.25,0.125
0.26,0.26,0.13
0.27,0.27,0.135
0.28,0.28,0.14
0.29000000000000004,0.29000000000000004,0.14500000000000002
0.30000000000000004,0.30000000000000004,0.15000000000000002
0.31000000000000005,0.31000000000000005,0.15500000000000003
0.32000000000000006,0.32000000000000006,0.16000000000000003
0.33000000000000007,0.33000000000000007,0.16500000000000004
0.3400000000000001,0.3400000000000001,0.17000000000000004
0.3500000000000001,0.3500000000000001,0.17500000000000004
0.3600000000000001,0.3600000000000001,0.18000000000000005
0.3700000000000001,0.3700000000000001,0.18500000000000005
0.3800000000000001,0.3800000000000001,0.19000000000000006
0.3900000000000001,0.3900000000000001,0.19500000000000006
0.40000000000000013,0.40000000000000013,0.20000000000000007
0.41000000000000014,0.41000000000000014,0.20500000000000007
0.42000000000000015,0.42000000000000015,0.21000000000000008
0.43000000000000016,0.43000000000000016,0.21500000000000008
0.44000000000000017,0.44000000000000017,0.22000000000000008
0.4500000000000002,0.4500000000000002,0.2250000000000001
0.4600000000000002,0.4600000000000002,0.2300000000000001
0.47,0.47,0.235
0.48,0.48,0.24
0.49,0.49,0.245
0.5,0.5,0.25
0.51,0.51,0.255
0.52,0.52,0.26
0.53,0.53,0.265
0.54,0.54,0.27
0.55,0.55,0.275
0.56,0.56,0.28
0.5700000000000001,0.5700000000000001,0.28500000000000003
0.5800000000000001,0.5800000000000001,0.29000000000000004
0.5900000000000001,0.5900000000000001,0.29500000000000004
0.6000000000000001,0.6000000000000001,0.30000000000000004
0.6100000000000001,0.6100000000000001,0.30500000000000005
0.6200000000000001,0.6200000000000001,0.31000000000000005
0.6300000000000001,0.6300000000000001,0.31500000000000006
0.6400000000000001,0.6400000000000001,0.32000000000000006
0.6500000000000001,0.6500000000000001,0.32500000000000007
0.6600000000000001,0.6600000000000001,0.33000000000000007
0.6700000000000002,0.6700000000000002,0.3350000000000001
0.6800000000000002,0.6800000000000002,0.3400000000000001
0.6900000000000002,0.6900000000000002,0.3450000000000001
0.7000000000000002,0.7000000000000002,0.3500000000000001
0.7100000000000002,0.7100000000000002,0.3550000000000001
0.72,0.72,0.36
0.73,0.73,0.365
0.74,0.74,0.37
0.75,0.75,0.375
0.76,0.76,0.38
0.77,0.77,0.385
0.78,0.78,0.39
0.79,0.79,0.395
0.8,0.8,0.4
0.8100000000000003,0.8100000000000003,0.40500000000000014
0.8200000000000001,0.8200000000000001,0.41000000000000003
0.8300000000000003,0.8300000000000003,0.41500000000000015
0.8400000000000001,0.8400000000000001,0.42000000000000004
0.8499999999999999,0.8499999999999999,0.42499999999999993
0.8600000000000001,0.8600000000000001,0.43000000000000005
0.8699999999999999,0.8699999999999999,0.43499999999999994
0.8800000000000001,0.8800000000000001,0.44000000000000006
0.8899999999999999,0.8899999999999999,0.44499999999999995
0.9000000000000001,0.9000000000000001,0.45000000000000007
0.9099999999999999,0.9099999999999999,0.45499999999999996
0.9200000000000002,0.9200000000000002,0.4600000000000001
0.9299999999999999,0.9299999999999999,0.46499999999999997
0.9400000000000002,0.9400000000000002,0.4700000000000001
0.95,0.95,0.475
0.9600000000000002,0.9600000000000002,0.4800000000000001
0.97,0.97,0.485
0.9800000000000002,0.9800000000000002,0.4900000000000001
0.99,0.99,0.495
1.0000000000000002,1.0000000000000002,0.5000000000000001
1.01,1.01,0.505
1.0200000000000002,1.0200000000000002,0.5100000000000001
1.03,1.03,0.515
1.0400000000000003,1.0400000000000003,0.5200000000000001
1.05,1.05,0.525
1.0600000000000003,1.0600000000000003,0.5300000000000001
1.07,1.07,0.535
1.0800000000000003,1.0800000000000003,0.5400000000000001
1.09,1.09,0.545
1.1000000000000003,1.1000000000000003,0.5500000000000002
1.11,1.11,0.555
1.1199999999999999,1.1199999999999999,0.5599999999999999
1.1300000000000001,1.1300000000000001,0.5650000000000001
1.14,1.14,0.57
1.1500000000000001,1.1500000000000001,0.5750000000000001
1.16,1.16,0.58
1.1700000000000002,1.1700000000000002,0.5850000000000001
1.18,1.18,0.59
1.1900000000000002,1.1900000000000002,0.5950000000000001
1.2,1.2,0.6
