duration_percent,net_load_kw
0.0,6687.7481
0.1388888888888889,6333.0819
0.2777777777777778,6260.0126
0.41666666666666663,6205.8261
0.5555555555555556,6160.53
0.6944444444444444,6112.2518
0.8333333333333333,6059.9662
0.9722222222222222,6014.04
1.1111111111111112,5973.3519
1.25,5941.2869
1.3888888888888888,5904.2837
1.5277777777777777,5865.2875
1.6666666666666665,5831.93
1.8055555555555554,5796.453
1.9444444444444444,5775.6091
2.083333333333333,5746.9324
2.2222222222222223,5722.2528
2.361111111111111,5701.3910000000005
2.5,5679.1203
2.638888888888889,5655.7936
2.7777777777777777,5634.0972
2.9166666666666665,5608.3975
3.0555555555555554,5585.0904
3.194444444444444,5559.85
3.333333333333333,5535.4621
3.472222222222222,5512.9975
3.6111111111111107,5493.4975
3.75,5472.9758
3.888888888888889,5452.3771
4.027777777777778,5427.17
4.166666666666666,5406.797500000001
4.305555555555555,5385.4193000000005
4.444444444444445,5366.879999999999
4.583333333333333,5346.229
4.722222222222222,5324.19
4.861111111111111,5300.2961
5.0,5277.5972
5.138888888888888,5256.9881000000005
5.277777777777778,5232.834999999999
5.416666666666666,5208.4164
5.555555555555555,5182.2346
5.694444444444444,5157.7733
5.833333333333333,5128.4824
5.972222222222222,5105.86
6.111111111111111,5080.3525
6.25,5059.3936
6.388888888888888,5033.2496
6.527777777777778,5010.5380000000005
6.666666666666666,4985.9902
6.805555555555555,4964.2357
6.944444444444444,4948.6765
7.083333333333333,4927.2855
7.222222222222221,4909.9146
7.361111111111111,4892.8862
7.5,4878.2154
7.638888888888888,4862.1882
7.777777777777778,4846.9404
7.916666666666666,4831.2262
8.055555555555555,4819.1954
8.194444444444445,4806.610299999999
8.333333333333332,4794.7525
8.472222222222221,4780.284900000001
8.61111111111111,4769.4069
8.75,4757.0526
8.88888888888889,4746.8379
9.027777777777777,4733.1353
9.166666666666666,4721.3895
9.305555555555555,4709.1521
9.444444444444445,4698.0443000000005
9.583333333333332,4685.77
9.722222222222221,4675.1065
9.86111111111111,4662.08
10.0,4650.85
10.138888888888888,4640.3
10.277777777777777,4630.5144
10.416666666666666,4616.9244
10.555555555555555,4607.79
10.694444444444445,4597.77
10.833333333333332,4587.5222
10.972222222222221,4578.38
11.11111111111111,4569.0074
11.25,4559.5956
11.388888888888888,4550.9344
11.527777777777777,4543.3173
11.666666666666666,4535.331999999999
11.805555555555555,4528.1675000000005
11.944444444444445,4521.53
12.083333333333332,4513.5242
12.222222222222221,4507.6034
12.36111111111111,4500.5635
12.5,4494.23
12.638888888888888,4487.34
12.777777777777777,4480.5727
12.916666666666666,4473.1882
13.055555555555555,4468.08
13.194444444444443,4463.23
13.333333333333332,4455.5361
13.472222222222221,4449.94
13.61111111111111,4444.84
13.75,4439.09
13.888888888888888,4432.77
14.027777777777777,4427.8111
14.166666666666666,4422.4883
14.305555555555555,4418.4579
14.444444444444443,4413.297500000001
14.583333333333332,4407.5777
14.722222222222221,4402.6087
14.86111111111111,4398.23
15.0,4392.58
15.138888888888888,4388.0845
15.277777777777777,4383.19
15.416666666666666,4379.1561
15.555555555555555,4374.4308
15.694444444444443,4369.2408
15.833333333333332,4365.13
15.972222222222221,4361.3084
16.11111111111111,4357.6016
16.25,4353.5825
16.38888888888889,4349.0745
16.52777777777778,4345.365000000001
16.666666666666664,4340.7604
16.805555555555554,4336.119
16.944444444444443,4333.3776
17.083333333333332,4328.08
17.22222222222222,4323.9184
17.36111111111111,4320.625
17.5,4315.82
17.63888888888889,4311.6585
17.77777777777778,4307.29
17.916666666666664,4303.58
18.055555555555554,4299.25
18.194444444444443,4295.09
18.333333333333332,4291.62
18.47222222222222,4287.7302
18.61111111111111,4283.9398
18.75,4279.4874
18.88888888888889,4275.9972
19.027777777777775,4271.201
19.166666666666664,4266.8904
19.305555555555554,4263.507500000001
19.444444444444443,4258.65
19.583333333333332,4254.2983
19.72222222222222,4250.8743
19.86111111111111,4246.97
20.0,4241.8258
20.13888888888889,4237.83
20.277777777777775,4232.9211000000005
20.416666666666664,4228.58
20.555555555555554,4223.4666
20.694444444444443,4218.956
20.833333333333332,4214.3351
20.97222222222222,4209.3959
21.11111111111111,4203.63
21.25,4198.42
21.38888888888889,4192.74
21.527777777777775,4187.36
21.666666666666664,4183.47
21.805555555555554,4178.3325
21.944444444444443,4172.797500000001
22.083333333333332,4166.1605
22.22222222222222,4160.6563
22.36111111111111,4154.4894
22.5,4148.448
22.63888888888889,4142.46
22.777777777777775,4134.6927
22.916666666666664,4128.622799999999
23.055555555555554,4122.2521
23.194444444444443,4115.0373
23.333333333333332,4108.013
23.47222222222222,4101.05
23.61111111111111,4093.5673
23.75,4086.6243
23.88888888888889,4079.87
24.027777777777775,4072.7635
24.166666666666664,4066.0939
24.305555555555554,4061.3900000000003
24.444444444444443,4053.2548
24.583333333333332,4044.77
24.72222222222222,4036.06
24.86111111111111,4027.9946
25.0,4021.9674999999997
25.138888888888886,4014.2795
25.277777777777775,4006.93
25.416666666666664,3999.2869
25.555555555555554,3991.1221000000005
25.694444444444443,3983.77
25.833333333333332,3975.1396
25.97222222222222,3968.2398
26.11111111111111,3960.6275
26.25,3953.22
26.388888888888886,3947.094
26.527777777777775,3940.0875
26.666666666666664,3930.594
26.805555555555554,3923.0595
26.944444444444443,3916.0507
27.083333333333332,3908.2320000000004
27.22222222222222,3900.7291999999998
27.36111111111111,3892.7028
27.5,3884.1925
27.638888888888886,3877.2287
27.777777777777775,3869.7075
27.916666666666664,3862.3122
28.055555555555554,3855.999
28.194444444444443,3849.665
28.333333333333332,3844.2250000000004
28.47222222222222,3836.95
28.61111111111111,3831.34
28.75,3824.73
28.888888888888886,3816.9
29.027777777777775,3809.9159
29.166666666666664,3804.64
29.305555555555554,3799.684
29.444444444444443,3794.3598
29.583333333333332,3787.49
29.72222222222222,3781.74
29.86111111111111,3775.8012
30.0,3769.0647
30.138888888888886,3763.56
30.277777777777775,3758.0044
30.416666666666664,3752.6886
30.555555555555554,3747.9383
30.694444444444443,3743.5048
30.833333333333332,3738.4441
30.97222222222222,3732.5778
31.11111111111111,3727.83
31.25,3722.9827
31.388888888888886,3718.8711000000003
31.527777777777775,3714.4443
31.666666666666664,3710.2563
31.805555555555554,3704.98
31.944444444444443,3700.91
32.08333333333333,3696.56
32.22222222222222,3692.5654
32.36111111111111,3689.2265
32.5,3685.0266
32.638888888888886,3681.6528
32.77777777777778,3677.98
32.916666666666664,3674.7113
33.05555555555556,3670.4203
33.19444444444444,3665.7277
33.33333333333333,3661.5067
33.47222222222222,3657.8428999999996
33.61111111111111,3654.4374999999995
33.75,3650.77
33.888888888888886,3647.1046
34.02777777777778,3643.78
34.166666666666664,3640.42
34.30555555555556,3637.1733
34.44444444444444,3634.5375
34.58333333333333,3631.2618
34.72222222222222,3628.0657
34.86111111111111,3625.1138
35.0,3621.6307
35.138888888888886,3618.28
35.27777777777778,3614.74
35.416666666666664,3611.0463
35.55555555555556,3607.34
35.69444444444444,3604.076
35.83333333333333,3601.1578
35.97222222222222,3598.5022
36.11111111111111,3595.3833999999997
36.25,3591.4514
36.388888888888886,3588.4294
36.52777777777778,3584.546
36.666666666666664,3581.5253
36.80555555555555,3577.8362
36.94444444444444,3573.9531
37.08333333333333,3570.38
37.22222222222222,3567.878
37.36111111111111,3564.6516
37.5,3561.1996
37.638888888888886,3557.6456
37.77777777777778,3554.2850000000003
37.916666666666664,3550.9922
38.05555555555555,3547.9112
38.19444444444444,3544.5357999999997
38.33333333333333,3541.3856
38.47222222222222,3537.5601
38.61111111111111,3534.528
38.75,3531.58
38.888888888888886,3529.23
39.02777777777778,3525.43
39.166666666666664,3521.3824
39.30555555555555,3517.8944
39.44444444444444,3514.6659
39.58333333333333,3511.2851
39.72222222222222,3507.239
39.86111111111111,3504.1477000000004
40.0,3501.0262
40.138888888888886,3497.6379
40.27777777777778,3494.2577
40.416666666666664,3490.9
40.55555555555555,3487.1525
40.69444444444444,3482.9416
40.83333333333333,3478.9804
40.97222222222222,3476.095
41.11111111111111,3472.9080999999996
41.25,3469.1182
41.388888888888886,3465.5966
41.52777777777778,3462.23
41.666666666666664,3459.2248000000004
41.80555555555555,3455.21
41.94444444444444,3450.91
42.08333333333333,3447.14
42.22222222222222,3443.5058
42.36111111111111,3439.7725
42.5,3435.9169
42.638888888888886,3432.6366
42.77777777777778,3429.29
42.916666666666664,3425.21
43.05555555555555,3421.881
43.19444444444444,3418.46
43.33333333333333,3414.299
43.47222222222222,3410.0786
43.61111111111111,3406.6361
43.75,3402.34
43.888888888888886,3397.1726
44.02777777777778,3392.9
44.166666666666664,3388.07
44.30555555555555,3383.2538
44.44444444444444,3379.27
44.58333333333333,3374.9835
44.72222222222222,3371.0255
44.86111111111111,3366.5127
45.0,3361.8405
45.138888888888886,3357.3084
45.27777777777778,3352.4023
45.416666666666664,3347.5238
45.55555555555555,3342.863
45.69444444444444,3338.27
45.83333333333333,3333.2903
45.97222222222222,3327.6382
46.11111111111111,3322.52
46.25,3317.7293
46.388888888888886,3312.85
46.52777777777778,3307.3666
46.666666666666664,3302.0299999999997
46.80555555555555,3296.3862
46.94444444444444,3291.0705000000003
47.08333333333333,3285.0
47.22222222222222,3279.16
47.36111111111111,3273.43
47.5,3267.97
47.638888888888886,3261.8662999999997
47.77777777777778,3255.6
47.916666666666664,3248.3531
48.05555555555555,3241.2637
48.19444444444444,3233.1623999999997
48.33333333333333,3225.63
48.47222222222222,3218.5621
48.61111111111111,3211.4128
48.75,3204.8713
48.888888888888886,3197.5715
49.02777777777778,3190.19
49.166666666666664,3181.6818
49.30555555555555,3173.37
49.44444444444444,3164.07
49.58333333333333,3155.2674999999995
49.72222222222222,3145.76
49.86111111111111,3136.2115
50.0,3126.7554
50.138888888888886,3117.447
50.27777777777777,3107.86
50.416666666666664,3097.507
50.55555555555555,3087.3032000000003
50.69444444444444,3078.68
50.83333333333333,3067.9847
50.97222222222222,3055.74
51.11111111111111,3046.9
51.25,3034.9814
51.388888888888886,3024.03
51.52777777777777,3011.7561
51.666666666666664,3002.1868999999997
51.80555555555555,2989.6914
51.94444444444444,2978.9202999999998
52.08333333333333,2968.938
52.22222222222222,2956.8050999999996
52.36111111111111,2947.2236
52.5,2937.2999999999997
52.638888888888886,2928.1397
52.77777777777777,2919.4172
52.916666666666664,2910.4157
53.05555555555555,2902.5400000000004
53.19444444444444,2894.0051000000003
53.33333333333333,2885.88
53.47222222222222,2876.89
53.61111111111111,2868.7091
53.75,2860.271
53.888888888888886,2853.25
54.02777777777777,2846.24
54.166666666666664,2838.5457
54.30555555555555,2830.0269
54.44444444444444,2823.876
54.58333333333333,2816.72
54.72222222222222,2809.5529
54.86111111111111,2803.3839
55.0,2795.88
55.138888888888886,2790.2786
55.27777777777777,2783.61
55.416666666666664,2777.4037
55.55555555555555,2771.3433
55.69444444444444,2766.6506999999997
55.83333333333333,2762.0249999999996
55.97222222222222,2756.6014999999998
56.11111111111111,2750.64
56.25,2744.6202
56.388888888888886,2738.85
56.52777777777777,2733.5491
56.666666666666664,2728.2609
56.80555555555555,2724.4115
56.94444444444444,2719.5299999999997
57.08333333333333,2714.469
57.22222222222222,2711.0521
57.36111111111111,2706.1994
57.5,2701.4369
57.638888888888886,2696.2316
57.77777777777777,2690.9835
57.916666666666664,2686.8269
58.05555555555555,2681.5538999999994
58.19444444444444,2676.4824
58.33333333333333,2672.47
58.47222222222222,2666.9712
58.61111111111111,2662.1025000000004
58.75,2656.9191
58.888888888888886,2652.074
59.02777777777777,2647.27
59.166666666666664,2642.14
59.30555555555555,2636.81
59.44444444444444,2629.7148
59.58333333333333,2625.2954
59.72222222222222,2619.2169
59.86111111111111,2614.5549999999994
60.0,2609.96
60.138888888888886,2604.425
60.27777777777777,2599.8875000000003
60.416666666666664,2594.81
60.55555555555555,2588.3422
60.69444444444444,2583.77
60.83333333333333,2578.9377
60.97222222222222,2572.8475000000003
61.11111111111111,2566.67
61.25,2561.5667
61.388888888888886,2554.62
61.52777777777777,2548.213
61.666666666666664,2542.7551
61.80555555555555,2537.0562
61.94444444444444,2530.3251
62.08333333333333,2524.0797000000002
62.22222222222222,2518.0142
62.36111111111111,2510.7493
62.5,2504.6642
62.638888888888886,2497.001
62.77777777777777,2491.34
62.916666666666664,2482.68
63.05555555555555,2474.6764
63.19444444444444,2466.7341
63.33333333333333,2459.2957
63.47222222222222,2451.4929
63.61111111111111,2442.45
63.75,2433.2774999999997
63.888888888888886,2422.7925
64.02777777777777,2413.1183
64.16666666666666,2404.3241000000003
64.30555555555556,2393.8446000000004
64.44444444444444,2383.5469
64.58333333333333,2370.93
64.72222222222221,2360.89
64.86111111111111,2350.4929
65.0,2337.3433
65.13888888888889,2321.15
65.27777777777777,2307.928
65.41666666666666,2295.425
65.55555555555556,2283.0138
65.69444444444444,2269.0950000000003
65.83333333333333,2254.6516999999994
65.97222222222221,2238.1449999999995
66.11111111111111,2223.6549999999997
66.25,2208.4955
66.38888888888889,2190.014
66.52777777777777,2169.7138000000004
66.66666666666666,2153.8201000000004
66.80555555555556,2135.7464
66.94444444444444,2116.6799999999994
67.08333333333333,2095.8075
67.22222222222221,2073.2774
67.36111111111111,2056.1932000000006
67.5,2036.8821
67.63888888888889,2015.4681
67.77777777777777,1993.5249999999996
67.91666666666666,1970.7048999999997
68.05555555555556,1947.9923
68.19444444444444,1924.7401999999997
68.33333333333333,1904.1814999999997
68.47222222222221,1880.9659000000001
68.61111111111111,1857.3535000000002
68.75,1834.3950000000004
68.88888888888889,1814.67
69.02777777777777,1792.7424999999994
69.16666666666666,1773.1859999999997
69.30555555555556,1754.861
69.44444444444444,1733.8075
69.58333333333333,1710.9602999999997
69.72222222222221,1691.9008
69.86111111111111,1673.2172
70.0,1654.7226999999998
70.13888888888889,1636.0025
70.27777777777777,1614.346
70.41666666666666,1592.3325000000004
70.55555555555556,1574.1446999999998
70.69444444444444,1552.9
70.83333333333333,1529.0665999999997
70.97222222222221,1508.6975000000002
71.11111111111111,1491.9274999999998
71.25,1468.205
71.38888888888889,1450.2489000000005
71.52777777777777,1432.4672999999998
71.66666666666666,1414.4250000000002
71.80555555555556,1394.4843
71.94444444444444,1375.0475
72.08333333333333,1353.1975000000002
72.22222222222221,1333.1499999999996
72.3611111111111,1315.3225000000002
72.5,1291.7119999999995
72.63888888888889,1270.5391999999997
72.77777777777777,1250.7246999999998
72.91666666666666,1227.9224999999997
73.05555555555556,1203.4975000000004
73.19444444444444,1183.1475
73.33333333333333,1163.2889000000005
73.47222222222221,1142.2725
73.6111111111111,1124.3089999999993
73.75,1106.1411999999996
73.88888888888889,1084.6429999999996
74.02777777777777,1063.5945000000002
74.16666666666666,1040.8846999999996
74.30555555555556,1017.3140000000003
74.44444444444444,994.4552000000003
74.58333333333333,973.5869000000002
74.72222222222221,954.7853
74.8611111111111,930.5099
75.0,913.8759
75.13888888888889,892.7200000000003
75.27777777777777,872.2425000000003
75.41666666666666,846.3026
75.55555555555556,818.6543999999994
75.69444444444444,797.3299999999999
75.83333333333333,777.5843999999997
75.97222222222221,755.7857999999997
76.1111111111111,734.0200000000004
76.25,713.04
76.38888888888889,691.0600000000004
76.52777777777777,671.4650000000001
76.66666666666666,652.1788999999999
76.80555555555556,633.5100000000002
76.94444444444444,611.665
77.08333333333333,592.7732999999998
77.22222222222221,570.8575000000001
77.3611111111111,543.2582000000002
77.5,520.5567000000001
77.63888888888889,495.77049999999986
77.77777777777777,474.0570000000007
77.91666666666666,452.6208999999999
78.05555555555556,431.5075000000006
78.19444444444444,407.8062
78.33333333333333,383.3050000000003
78.47222222222221,362.6076000000003
78.6111111111111,339.1299000000008
78.75,320.6233000000002
78.88888888888889,298.09249999999975
79.02777777777777,278.4993000000004
79.16666666666666,258.58500000000004
79.30555555555556,238.5641000000005
79.44444444444444,214.4404999999997
79.58333333333333,192.52500000000055
79.72222222222221,169.1826000000001
79.8611111111111,144.26830000000064
80.0,122.5049999999992
80.13888888888889,98.53020000000015
80.27777777777777,77.43249999999989
80.41666666666666,50.91750000000047
80.55555555555556,25.586699999999837
80.69444444444444,5.347399999999652
80.83333333333333,-18.904999999999745
80.97222222222221,-37.05249999999978
81.1111111111111,-56.39819999999963
81.25,-81.60510000000068
81.38888888888889,-105.98100000000068
81.52777777777777,-131.36599999999999
81.66666666666666,-152.01130000000012
81.80555555555556,-178.30109999999968
81.94444444444444,-199.71130000000085
82.08333333333333,-222.88700000000063
82.22222222222221,-245.5564000000004
82.3611111111111,-264.09500000000025
82.5,-288.5577000000003
82.63888888888889,-309.0474999999997
82.77777777777777,-331.34199999999964
82.91666666666666,-355.91749999999956
83.05555555555556,-379.0175999999997
83.19444444444444,-400.8275000000003
83.33333333333333,-423.75250000000005
83.47222222222221,-446.52400000000034
83.6111111111111,-469.65750000000025
83.75,-492.41929999999957
83.88888888888889,-515.9650000000001
84.02777777777777,-533.5277000000006
84.16666666666666,-552.0627999999997
84.30555555555556,-572.3071
84.44444444444444,-596.4618
84.58333333333333,-620.5523000000003
84.72222222222221,-642.7345999999998
84.8611111111111,-664.0775000000003
85.0,-683.6382999999996
85.13888888888889,-703.4877999999999
85.27777777777777,-725.8975
85.41666666666666,-748.6049999999996
85.55555555555556,-771.1333000000004
85.69444444444444,-793.7474999999995
85.83333333333333,-814.2784000000001
85.97222222222221,-835.2359000000001
86.1111111111111,-862.0574999999999
86.25,-880.7343000000001
86.38888888888889,-906.1824999999999
86.52777777777777,-927.6974999999993
86.66666666666666,-950.2321000000002
86.80555555555556,-970.2614000000003
86.94444444444444,-992.3623000000007
87.08333333333333,-1018.2114000000001
87.22222222222221,-1041.8581000000004
87.3611111111111,-1060.6538
87.5,-1082.8779000000004
87.63888888888889,-1106.4571999999998
87.77777777777777,-1128.1825
87.91666666666666,-1151.5874999999996
88.05555555555556,-1172.9818999999998
88.19444444444444,-1198.2071999999998
88.33333333333333,-1223.2200999999995
88.47222222222221,-1243.0875000000005
88.6111111111111,-1272.335
88.75,-1301.8811999999998
88.88888888888889,-1323.0048000000006
89.02777777777777,-1348.1842000000001
89.16666666666666,-1374.6319999999996
89.30555555555556,-1395.951
89.44444444444444,-1417.2775000000001
89.58333333333333,-1440.9551999999994
89.72222222222221,-1469.3283000000001
89.8611111111111,-1496.5025000000005
90.0,-1520.0094
90.13888888888889,-1549.8625000000002
90.27777777777777,-1574.2636000000002
90.41666666666666,-1598.9754000000003
90.55555555555556,-1625.3195000000005
90.69444444444444,-1650.7788
90.83333333333333,-1671.4447
90.97222222222221,-1696.8049999999994
91.1111111111111,-1719.6662000000001
91.25,-1740.1153000000004
91.38888888888889,-1760.6975000000002
91.52777777777777,-1794.1515
91.66666666666666,-1817.4700000000012
91.80555555555556,-1840.2774999999992
91.94444444444444,-1866.9067999999997
92.08333333333333,-1891.1561000000002
92.22222222222221,-1918.5059999999994
92.3611111111111,-1942.2428
92.5,-1963.1316000000002
92.63888888888889,-1989.7534999999998
92.77777777777777,-2017.2874999999995
92.91666666666666,-2047.5941999999995
93.05555555555556,-2075.1366
93.19444444444444,-2102.0049
93.33333333333333,-2133.4530999999997
93.47222222222221,-2164.1501
93.6111111111111,-2198.63
93.75,-2232.1584000000003
93.88888888888889,-2261.505800000001
94.02777777777777,-2299.9275
94.16666666666666,-2336.01
94.30555555555556,-2371.8724999999995
94.44444444444444,-2423.3789000000006
94.58333333333333,-2467.1412
94.72222222222221,-2505.205
94.8611111111111,-2543.0745
95.0,-2582.4299999999994
95.13888888888889,-2631.2325
95.27777777777777,-2668.6711999999998
95.41666666666666,-2712.6193000000003
95.55555555555556,-2755.477499999999
95.69444444444444,-2801.6348000000003
95.83333333333333,-2856.1274999999996
95.97222222222221,-2907.6249999999995
96.1111111111111,-2965.0639999999994
96.25,-3012.8775000000005
96.38888888888889,-3065.45
96.52777777777777,-3133.7653000000005
96.66666666666666,-3194.8014999999996
96.80555555555556,-3250.7224
96.94444444444444,-3306.5561
97.08333333333333,-3367.4238
97.22222222222221,-3434.1696
97.3611111111111,-3510.3920000000003
97.5,-3596.5651
97.63888888888889,-3699.9609
97.77777777777777,-3770.7677000000003
97.91666666666666,-3857.6725000000006
98.05555555555556,-3926.4823999999994
98.19444444444444,-4005.4815000000003
98.33333333333333,-4081.3698000000004
98.47222222222221,-4154.6552
98.6111111111111,-4254.4414
98.75,-4361.59
98.88888888888889,-4462.789699999999
99.02777777777777,-4559.9815
99.16666666666666,-4652.0425
99.30555555555556,-4759.020100000001
99.44444444444444,-4892.1042
99.58333333333333,-5041.6900000000005
99.72222222222221,-5206.1908
99.8611111111111,-5503.855
